"";"id";"pred_elnet.expand"
"1";10171;14391,9310855522
"2";7559;6163,7714158458
"3";1236;40944,1593993612
"4";5361;10016,3781439392
"5";108;11719,1322662783
"6";854;4447,11762863098
"7";11993;8371,95565557182
"8";3759;2544,74257192592
"9";4549;6901,25763648093
"10";5045;4108,93979586716
"11";2720;4344,12940625173
"12";10892;58579,8713300153
"13";11011;5500,07943894434
"14";455;3253,87183616566
"15";4025;7278,22569782813
"16";11162;15324,538835105
"17";2265;7858,40286527661
"18";10788;2473,12819779117
"19";8115;1730,93716162716
"20";8800;7778,52257938632
"21";5135;25818,4993151263
"22";3205;31186,6735416637
"23";2067;6764,98380685102
"24";5728;11003,866721192
"25";3370;27023,8033867954
"26";9832;25228,9878244627
"27";1869;6270,82394969389
"28";8933;4081,7144437515
"29";7281;9560,70995818982
"30";2817;67603,7823815184
"31";11934;7326,77202808501
"32";5397;8842,40901452386
"33";7723;29794,1611474126
"34";8448;5906,93276534964
"35";6908;5432,38434132511
"36";1988;6002,02617929329
"37";12743;2812,12192841404
"38";2964;8705,35910791819
"39";3956;8203,40956830216
"40";10360;4481,98678061156
"41";3796;9864,11122656712
"42";2589;30305,7152155154
"43";7233;14694,2690572712
"44";1742;5078,5746540591
"45";12541;9596,54430406469
"46";5357;15450,7624496175
"47";3448;7474,36251929676
"48";8585;5363,95988577623
"49";3138;70572,8684146104
"50";10338;7504,80752474092
"51";1911;9864,11122656712
"52";1364;4808,37311726448
"53";9413;4660,47672101541
"54";7405;7474,36251929676
"55";2404;11531,7985665827
"56";7315;2772,27005478998
"57";8226;9063,62213988784
"58";3352;29449,6421202773
"59";11975;12950,4764810233
"60";2798;8808,93071428306
"61";8253;10911,9505808715
"62";2418;7446,42130296598
"63";12209;33595,4348932861
"64";6956;15842,4816568807
"65";584;7999,75590794918
"66";6652;5844,52534438747
"67";5309;6631,40087178269
"68";5044;22270,3132482142
"69";10992;11553,0550512968
"70";7731;7161,23346186056
"71";4711;14239,0106595312
"72";6762;5665,38204439314
"73";11670;3155,06373488381
"74";3156;19083,7485997275
"75";8255;8537,23730823209
"76";10132;33026,1604749562
"77";10538;14530,8204296105
"78";3708;5448,40559241153
"79";10745;4568,64056973226
"80";2666;4191,7102765791
"81";2874;32556,3589877915
"82";7789;65649,2856487132
"83";3614;59425,2026730895
"84";1082;5983,74230837251
"85";1493;7375,64216613234
"86";8202;11212,2017690424
"87";11131;28210,6600147863
"88";7068;4447,11762863098
"89";12715;7182,09589285214
"90";8094;7213,44310741364
"91";8410;8570,43335965779
"92";10660;7111,21808644057
"93";2480;8320,10374725852
"94";1548;9123,01559314089
"95";6008;1996,4913495917
"96";12581;5883,50878201952
"97";8024;7273,97394332293
"98";6797;4243,52622848667
"99";1484;53754,5046822865
"100";4023;14823,5292673762
"101";8154;3794,94094350929
"102";548;8480,6705773091
"103";3357;8570,43335965779
"104";3872;8114,45024972666
"105";297;4977,12640260576
"106";3908;14516,9256392242
"107";61;14055,7601266207
"108";8893;30743,0389986564
"109";11051;8313,20929441329
"110";7266;5198,97469902303
"111";2009;14937,2922603085
"112";1941;11264,9894471321
"113";167;5665,38204439314
"114";4413;13906,2555728492
"115";7931;15223,0002420559
"116";4870;34461,4526866016
"117";7759;6727,47662559867
"118";4849;12646,3963750579
"119";8370;7778,52257938632
"120";8621;9912,61870152818
"121";11437;6720,1598193145
"122";4470;20923,7525371473
"123";12859;8178,07438172058
"124";3148;10454,5790592442
"125";11083;14805,109695897
"126";3654;10337,3610918124
"127";10479;51492,9875772948
"128";12057;7747,0378228474
"129";3298;18337,5253855391
"130";11940;26300,115816667
"131";3829;27992,6756284103
"132";9475;10972,2542367862
"133";2497;28617,7513002035
"134";2250;7864,86521956998
"135";10225;5500,07943894434
"136";9652;8637,6327837147
"137";1959;13136,6418768517
"138";1717;5363,95988577623
"139";12243;7182,09589285214
"140";10234;13517,0396205203
"141";5239;10561,0346253114
"142";9713;25758,9848736446
"143";2303;7213,44310741364
"144";9040;43143,1723229736
"145";3528;7040,27656605082
"146";974;7422,32278213308
"147";1250;3819,18785380093
"148";1423;45916,6319683194
"149";6405;9622,46255184359
"150";10093;12806,6075204366
"151";645;12971,030670587
"152";9555;5325,11522354857
"153";6549;4768,51146623663
"154";5028;23754,5139737191
"155";10905;7926,53239447948
"156";8880;4191,7102765791
"157";8289;8203,40956830216
"158";1680;26852,6145484021
"159";11418;8935,56065532438
"160";7056;9695,48747343243
"161";5699;28617,7513002035
"162";44;8981,61652045059
"163";1524;35478,8372016582
"164";2726;6543,81424023421
"165";12068;6886,96792845241
"166";1566;11276,8739084595
"167";6637;9123,01559314089
"168";8950;5983,74230837251
"169";5314;1806,66296167788
"170";8254;21812,0964215881
"171";3123;8842,40901452386
"172";4813;2270,15207262209
"173";11891;6901,25763648093
"174";3575;29030,717078262
"175";1218;6940,9675640448
"176";4560;9326,47749189521
"177";10342;2438,08036028504
"178";2569;21757,2483395567
"179";7069;32377,7622725122
"180";4965;21487,7202800684
"181";1273;27416,7198772602
"182";9192;18888,1758925785
"183";2781;6993,62852105022
"184";6120;4503,89626231833
"185";10005;9711,22579453964
"186";12319;80285,6805484884
"187";549;4163,93649698723
"188";7081;7747,0378228474
"189";3670;25886,8792543458
"190";4707;10014,0369209516
"191";6402;3129,25295597684
"192";3493;18337,5253855391
"193";1247;38830,44493779
"194";11372;1940,30591062281
"195";6896;3444,76076408203
"196";2601;9432,45518050907
"197";9105;6571,67888948579
"198";9718;15248,6870639174
"199";9624;7375,64216613234
"200";9533;4660,47672101541
"201";10515;3203,43955797982
"202";12633;6222,03792598424
"203";3868;6621,4168904233
"204";456;7747,0378228474
"205";2754;5118,39496155827
"206";12285;10958,3257968979
"207";3787;10421,5459310849
"208";10532;23416,6028804755
"209";12896;5754,57308986803
"210";8053;6222,03792598424
"211";12886;9194,30768851323
"212";4197;10352,4939927117
"213";14;7182,09589285214
"214";7334;2581,32369763801
"215";11515;5754,57308986803
"216";9656;8570,43335965779
"217";6064;15678,3610798634
"218";11252;8313,20929441329
"219";12072;9123,01559314089
"220";7590;50101,8872171311
"221";8525;3490,82463422798
"222";9585;7087,23575713186
"223";12023;11068,8118054083
"224";8696;15021,9369465256
"225";11790;62975,5792659452
"226";4054;6810,10677386313
"227";819;4588,24324953676
"228";4332;6623,20639316361
"229";9152;7858,40286527661
"230";4692;6571,67888948579
"231";6447;5665,38204439314
"232";7736;8943,91106402172
"233";6672;7988,14162086475
"234";12877;9460,5472596375
"235";1405;9496,00058462429
"236";4571;5922,75224220604
"237";7763;7375,64216613234
"238";1642;4846,07481688353
"239";7811;6077,94535207796
"240";11117;19326,214548538
"241";7293;5740,69933265848
"242";2406;6077,94535207796
"243";5732;6125,60156851056
"244";7668;7529,01998827266
"245";2473;5653,44859174396
"246";7169;3960,96368856512
"247";9844;12275,3160458732
"248";5405;5269,54506441454
"249";11753;8320,10374725852
"250";6846;3385,44776333345
"251";6522;9064,01092422252
"252";9675;14823,5292673762
"253";2545;4787,78294016679
"254";2142;7504,80752474092
"255";11951;3434,11417524815
"256";3080;5578,77861953789
"257";9354;34461,4526866016
"258";3595;12470,5457778639
"259";9094;12275,3160458732
"260";6884;3290,17418815467
"261";10795;11887,5968706743
"262";6194;6077,94535207796
"263";12725;5823,22290352182
"264";12283;5709,80341662358
"265";4048;7278,22569782813
"266";7812;39039,7548769676
"267";1786;15223,0002420559
"268";12914;7040,27656605082
"269";7267;32093,2404887237
"270";6484;8911,7409570425
"271";687;2977,341146218
"272";9048;5505,09487806495
"273";12069;64298,536469528
"274";3230;29030,717078262
"275";4601;5991,84597128489
"276";3543;9734,4963301209
"277";6140;1912,80894288438
"278";4865;43984,8636595292
"279";8755;5422,13528278655
"280";7408;2852,54667978808
"281";2831;25886,8792543458
"282";9138;10080,831324389
"283";12559;28210,6600147863
"284";6276;4733,84737596888
"285";1833;7446,42130296598
"286";7756;13908,4525417926
"287";12904;8203,40956830216
"288";1197;2174,99924911124
"289";7632;6720,1598193145
"290";7645;3056,78439853725
"291";5448;3715,89699546463
"292";11467;8594,1813436404
"293";5371;9787,3699931926
"294";8719;2916,84318995962
"295";11755;72624,3545975925
"296";7208;5345,29570912553
"297";6080;8437,59884707395
"298";2155;29874,6124208493
"299";10235;7105,52019223867
"300";603;7230,00102984934
"301";462;7778,52257938632
"302";10975;3385,44776333345
"303";3444;4697,01878818286
"304";4747;5823,22290352182
"305";7917;32377,7622725122
"306";5952;2438,08036028504
"307";10387;7689,96467895736
"308";8561;9495,37038860198
"309";4532;5289,8316360004
"310";2922;14182,2408030212
"311";2662;7935,21313342464
"312";5456;3635,87699788792
"313";7646;11887,5968706743
"314";1490;5541,81428814394
"315";7761;3960,96368856512
"316";11946;48570,1280004795
"317";4059;22738,1560482518
"318";1429;4837,05966412917
"319";8743;10352,4939927117
"320";927;5432,38434132511
"321";1496;8178,07438172058
"322";3417;6253,97988348867
"323";10424;5754,57308986803
"324";3122;8368,65904558294
"325";11283;8320,10374725852
"326";3518;4315,11664207706
"327";6735;16487,1721117903
"328";9305;9734,4963301209
"329";4603;6270,82394969389
"330";6479;7747,0378228474
"331";12906;23083,4986170861
"332";5234;4001,11596619787
"333";1854;28580,7307491701
"334";9693;7010,44174327051
"335";8216;4770,96473093669
"336";1563;9003,56764494249
"337";8010;4447,11762863098
"338";8818;125062,304986986
"339";12428;4770,96473093669
"340";4282;13201,8126184011
"341";12103;11531,7985665827
"342";4840;14594,5050584599
"343";7135;24201,4837913193
"344";11435;9125,38868419473
"345";9647;7230,00102984934
"346";3857;8371,95565557182
"347";3738;3658,30371569796
"348";1398;4049,25535045894
"349";3891;10604,8654870551
"350";3036;23754,5139737191
"351";8849;14627,7421295915
"352";8668;10561,0346253114
"353";153;5740,69933265848
"354";8734;13367,7346411909
"355";3368;10773,7761002855
"356";8211;91557,236385529
"357";8953;9123,01559314089
"358";3696;6122,93099094456
"359";10459;33595,4348932861
"360";4452;52562,2599282397
"361";1944;10016,3781439392
"362";12347;8911,7409570425
"363";958;9560,70995818982
"364";5362;7830,40592867049
"365";6657;6369,54656710603
"366";12335;8684,09530439503
"367";5522;7087,23575713186
"368";6274;5883,50878201952
"369";11575;7504,80752474092
"370";2826;4837,05966412917
"371";8140;10757,3123089151
"372";10240;6204,8842495507
"373";697;7988,14162086475
"374";11844;10990,8030394002
"375";3859;5039,06414228715
"376";12114;7111,21808644057
"377";8420;6002,02617929329
"378";793;4177,75513914465
"379";10343;10749,0345427901
"380";9379;22045,575087398
"381";7005;3337,47102553201
"382";746;4177,75513914465
"383";8317;11090,1463146538
"384";11272;20071,588341342
"385";12369;14243,8914882621
"386";338;8921,83078481023
"387";161;8773,6164636097
"388";11027;30743,0389986564
"389";4336;7624,92607327234
"390";9204;15002,9583829954
"391";2428;5118,39496155827
"392";8230;5116,8896447387
"393";5200;12442,7579384113
"394";5812;8570,43335965779
"395";2788;15018,7534438167
"396";12310;21363,3075117526
"397";3799;5269,54506441454
"398";6346;6947,28956051269
"399";3170;11064,112548653
"400";769;10306,4224095442
"401";7152;6716,60093235074
"402";3473;36679,2402537066
"403";5461;8306,82315777161
"404";904;10160,3653558897
"405";722;7830,40592867049
"406";6155;24797,7868968853
"407";3438;7622,9569494354
"408";11139;8651,50520018423
"409";8529;12892,0285864998
"410";11619;6500,45569624945
"411";5653;7388,48931681026
"412";9383;49213,7786510606
"413";7870;6469,82339099355
"414";772;7040,27656605082
"415";509;8149,05474074523
"416";1401;24709,8955866901
"417";8711;2843,56756779623
"418";12073;7971,36879993828
"419";5459;5185,37739691728
"420";7888;11887,5968706743
"421";3441;7230,00102984934
"422";3064;6457,38444088069
"423";9530;50038,4183336765
"424";4184;7182,09589285214
"425";2213;12186,7453267579
"426";5506;12664,8631061163
"427";9283;8705,35910791819
"428";1922;10337,3610918124
"429";10180;72624,3545975925
"430";6638;6527,58174534544
"431";1411;4977,12640260576
"432";8599;16984,7592833478
"433";7608;31186,6735416637
"434";12046;103720,876139773
"435";3622;17582,4231375414
"436";9449;37449,7780666367
"437";5112;4145,25286146846
"438";11331;9326,47749189521
"439";12866;10757,3123089151
"440";3491;6993,62852105022
"441";11608;9787,3699931926
"442";925;5962,25745931763
"443";5276;4253,96513888101
"444";1996;22738,1560482518
"445";11384;14434,5409214211
"446";5806;10421,5459310849
"447";11312;8439,70671396873
"448";9203;5396,39000121116
"449";6439;9194,54772784099
"450";6779;18469,9650486398
"451";11411;5922,75224220604
"452";11130;4999,8610160804
"453";3437;17717,7365521365
"454";9809;11227,9279378628
"455";9182;39221,5890328694
"456";1033;7971,36879993828
"457";3478;4210,51226208348
"458";1155;20002,2592109457
"459";7167;6886,96792845241
"460";11605;8637,6327837147
"461";6996;49071,0293431203
"462";259;6435,07638127935
"463";12447;7882,63534392098
"464";7863;6457,38444088069
"465";3601;7682,72735953203
"466";6055;5991,84597128489
"467";8386;5621,30626344963
"468";261;7010,44174327051
"469";2323;3228,55722522762
"470";5380;7230,00102984934
"471";324;9635,67398577209
"472";5784;22633,7419235956
"473";807;11264,7403202342
"474";590;11591,1547336349
"475";8467;7988,14162086475
"476";291;29449,6421202773
"477";1831;11064,112548653
"478";6142;7217,38357049326
"479";1636;62035,094206593
"480";10267;24097,3012613244
"481";6882;9339,29901170656
"482";9344;87828,373765112
"483";11674;7675,78492194033
"484";12148;9635,67398577209
"485";485;5082,98573540055
"486";3674;31711,5823532444
"487";10455;9558,70524601565
"488";602;6995,39060231227
"489";8114;7474,36251929676
"490";5067;15021,9369465256
"491";10359;36679,2402537066
"492";114;1706,40725475529
"493";6252;10016,3781439392
"494";8095;4447,11762863098
"495";9508;45263,4618245884
"496";905;7935,21313342464
"497";12538;12470,5457778639
"498";5716;19590,5002999787
"499";3052;7317,13763119001
"500";827;4315,11664207706
"501";6906;2783,30856402077
"502";3583;3573,54637704993
"503";10422;6030,65989351124
"504";11353;31636,7099113661
"505";4677;6173,6314498633
"506";1507;10177,1406846976
"507";7821;13136,6418768517
"508";9415;6077,94535207796
"509";1159;35990,8112367911
"510";11338;5322,22912180255
"511";4002;42742,3832194914
"512";10988;5219,96426658421
"513";347;1940,30591062281
"514";4003;17620,4814011274
"515";1469;8808,93071428306
"516";5691;10491,058451246
"517";12716;7529,01998827266
"518";6178;6469,82339099355
"519";5198;28580,7307491701
"520";3339;5659,34524128455
"521";3078;5541,81428814394
"522";9872;19841,8299689401
"523";4083;10757,3123089151
"524";6783;9787,3699931926
"525";8388;1755,81969026003
"526";12667;33026,1604749562
"527";9255;17582,4231375414
"528";10486;27809,359656578
"529";5821;17353,1900400408
"530";3208;2916,84318995962
"531";6893;8439,70671396873
"532";2395;62975,5792659452
"533";6072;11713,3455765284
"534";2364;5754,57308986803
"535";9730;6571,67888948579
"536";5359;7563,65154372534
"537";700;9123,01559314089
"538";12882;25758,9848736446
"539";7937;45475,9656782766
"540";1008;11227,9279378628
"541";7143;4193,68024177079
"542";12365;6621,4168904233
"543";11687;67603,7823815184
"544";11967;4697,01878818286
"545";8823;6419,48918294012
"546";11678;7637,25098567033
"547";1488;16272,8475916364
"548";3426;12058,4831836312
"549";2722;6500,45569624945
"550";9090;7331,00803239211
"551";4261;4517,12933614503
"552";1305;36838,5487222113
"553";11482;8313,20929441329
"554";10774;5048,67347720077
"555";10956;61679,8422116631
"556";12925;9339,29901170656
"557";837;25228,9878244627
"558";9881;7217,38357049326
"559";4735;3533,55582068624
"560";6228;40697,2361262538
"561";6961;6587,46198907235
"562";10078;4960,96288402753
"563";8740;7375,64216613234
"564";10276;11389,3313929362
"565";6645;5577,5733851472
"566";3749;6329,87543404407
"567";3660;11438,0603545579
"568";9430;6621,4168904233
"569";11862;26858,6009238429
"570";263;11719,1322662783
"571";4976;5289,8316360004
"572";885;27992,6756284103
"573";7390;1996,4913495917
"574";1945;14922,4033580219
"575";492;2369,46768369517
"576";10923;4191,7102765791
"577";1320;5158,52749384438
"578";10323;89673,4251502024
"579";12611;7988,68309203751
"580";11008;6947,28956051269
"581";9779;7182,09589285214
"582";3310;10306,4224095442
"583";11748;8178,07438172058
"584";10585;5844,52534438747
"585";11390;30305,7152155154
"586";10917;7574,4042093576
"587";7000;27809,359656578
"588";12038;7988,68309203751
"589";2429;8570,43335965779
"590";6394;8825,7811155971
"591";5600;9052,03996719427
"592";1640;7087,23575713186
"593";1847;8561,02899453372
"594";951;7624,92607327234
"595";5779;9326,47749189521
"596";12549;10911,9505808715
"597";391;7050,24036308879
"598";4004;7624,92607327234
"599";7298;8537,23730823209
"600";691;5116,8896447387
"601";11377;12058,4831836312
"602";8332;4054,66948361884
"603";2393;6125,60156851056
"604";6357;39345,0254459228
"605";1750;16269,4118079039
"606";12332;4568,64056973226
"607";3031;9326,47749189521
"608";1154;6500,45569624945
"609";5285;7830,40592867049
"610";2620;11514,3531048138
"611";3671;4247,81483121259
"612";718;7926,53239447948
"613";9185;10833,3160371009
"614";526;40394,734471199
"615";8565;43316,3312966509
"616";6017;5709,80341662358
"617";6420;4412,51975316668
"618";6157;10200,7691021026
"619";12542;4977,12640260576
"620";8394;4631,25457170867
"621";421;15021,9369465256
"622";5681;3337,47102553201
"623";817;10757,3123089151
"624";5660;6720,1598193145
"625";12314;34476,6342256625
"626";11092;6621,4168904233
"627";1997;10337,3610918124
"628";6922;24201,4837913193
"629";5229;5906,93276534964
"630";2482;8570,43335965779
"631";10279;5049,30646938055
"632";4174;8935,56065532438
"633";3418;39345,0254459228
"634";5799;3955,48099022647
"635";2059;5432,38434132511
"636";2805;9874,4314410137
"637";5573;6720,1598193145
"638";424;4724,54656094278
"639";8082;4517,12933614503
"640";6654;15152,0184852716
"641";2530;8439,70671396873
"642";8366;5534,18074175725
"643";12081;8178,07438172058
"644";2872;9326,47749189521
"645";7427;8439,70671396873
"646";8245;7326,77202808501
"647";4020;3629,84268836839
"648";3389;6125,60156851056
"649";7941;8773,6164636097
"650";2748;7726,98300307602
"651";2438;10016,3781439392
"652";3763;9560,70995818982
"653";2984;3635,87699788792
"654";5556;5909,83115496695
"655";3596;15948,1522390437
"656";3111;8306,82315777161
"657";8298;95346,595620308
"658";6133;33057,9369423382
"659";7076;5579,14405616818
"660";10919;5799,69379510013
"661";1210;5844,52534438747
"662";9512;4315,11664207706
"663";1131;49213,7786510606
"664";8007;5254,78183335605
"665";2114;10604,8654870551
"666";3556;5396,39000121116
"667";5736;7422,32278213308
"668";10407;22112,3478777363
"669";767;15223,0002420559
"670";6501;15002,9583829954
"671";4223;12950,4764810233
"672";12858;36679,2402537066
"673";1973;20104,7736195745
"674";1593;4017,90324395707
"675";8089;7182,09589285214
"676";2801;9874,4314410137
"677";5985;8382,37780668128
"678";3869;11389,3313929362
"679";7610;29449,6421202773
"680";1909;13962,6283121596
"681";10162;12965,1146907257
"682";5102;8767,30252732244
"683";7934;9881,77289724583
"684";2859;6587,46198907235
"685";1806;41535,0002542536
"686";8046;6222,03792598424
"687";8429;7375,64216613234
"688";9707;9124,07720297524
"689";761;3955,48099022647
"690";4354;8842,40901452386
"691";3661;9874,4314410137
"692";5330;25758,9848736446
"693";6367;12586,0230081389
"694";7354;39866,425167685
"695";7794;6995,39060231227
"696";10192;8842,40901452386
"697";3555;9184,93550602529
"698";5288;5659,34524128455
"699";4447;27809,359656578
"700";1902;8320,10374725852
"701";12610;7864,86521956998
"702";7682;7399,35271357431
"703";3711;5048,67347720077
"704";4407;3986,49529641808
"705";8451;10454,5790592442
"706";2427;8842,40901452386
"707";5100;8051,32110346934
"708";2501;5937,1897346644
"709";8797;6414,59857058734
"710";8382;43984,8636595292
"711";2237;5194,86791694044
"712";1969;17717,7365521365
"713";6733;6780,22571489496
"714";985;11212,2017690424
"715";6867;8041,42314542381
"716";8671;11553,0550512968
"717";9171;17836,1446467886
"718";7305;8437,59884707395
"719";6949;10604,8654870551
"720";7593;5121,24905368001
"721";8901;7726,98300307602
"722";8274;6993,62852105022
"723";3433;10631,4775458886
"724";3641;8085,95863994214
"725";10850;4108,93979586716
"726";12709;5121,24905368001
"727";2543;6993,62852105022
"728";395;14386,896299758
"729";12070;6720,1598193145
"730";1409;24818,6757298078
"731";4790;6855,53071456714
"732";1705;6716,60093235074
"733";11651;6621,4168904233
"734";2247;5158,52749384438
"735";6118;20923,7525371473
"736";2865;4440,06947627175
"737";11568;5653,44859174396
"738";4991;5360,63415536398
"739";4132;5468,61876648109
"740";4606;7858,40286527661
"741";5628;5534,18074175725
"742";11273;6901,25763648093
"743";2992;7624,92607327234
"744";10054;2144,17633409743
"745";46;8480,6705773091
"746";4716;6631,40087178269
"747";3091;6571,67888948579
"748";1796;6270,82394969389
"749";10469;8773,6164636097
"750";1378;89673,4251502024
"751";1791;9052,03996719427
"752";5620;4552,54743894579
"753";8532;3573,58317802261
"754";5992;5078,5746540591
"755";9368;24201,4837913193
"756";4873;12143,3027247562
"757";9936;18089,9412618994
"758";3739;8684,09530439503
"759";4451;9947,68508938028
"760";6236;11719,1322662783
"761";6253;16506,7726613117
"762";954;75813,9388087414
"763";10734;7524,21709737472
"764";6144;40361,7233335304
"765";6293;6995,39060231227
"766";1506;7675,78492194033
"767";10499;9432,45518050907
"768";5722;21039,6539533885
"769";4431;7424,83827179315
"770";655;13066,7721219765
"771";6183;34974,1460646775
"772";9280;5740,69933265848
"773";10910;6270,82394969389
"774";3320;10215,7596745067
"775";1775;48570,1280004795
"776";2868;10148,0712516812
"777";4224;44294,2143378965
"778";6923;7935,21313342464
"779";7649;12766,9493206686
"780";7340;13151,7256023894
"781";1518;8773,6164636097
"782";11113;8808,93071428306
"783";191;5709,80341662358
"784";7113;4276,79905222356
"785";11099;38663,6567576182
"786";6088;8242,19738055666
"787";8925;4960,96288402753
"788";6934;8437,59884707395
"789";10817;6435,07638127935
"790";856;5579,14405616818
"791";3687;9266,64073479242
"792";686;3409,98264763373
"793";8748;8095,06006188678
"794";4910;11286,9880250044
"795";8692;3203,43955797982
"796";12871;7273,97394332293
"797";2170;13325,4834332564
"798";11209;4884,22803675853
"799";1760;42425,0877992374
"800";5525;5422,13528278655
"801";10792;4017,75278092123
"802";5214;19254,1303396251
"803";8228;27413,7678488756
"804";5725;6947,28956051269
"805";5455;27992,6756284103
"806";8151;7111,21808644057
"807";6260;38663,6567576182
"808";11989;8637,6327837147
"809";7894;4770,96473093669
"810";2271;4243,52622848667
"811";8622;9194,30768851323
"812";10996;8178,07438172058
"813";9797;7622,9569494354
"814";2450;8935,56065532438
"815";605;7926,53239447948
"816";2777;5991,84597128489
"817";10589;6947,28956051269
"818";9761;11553,0550512968
"819";4506;4333,38281055083
"820";2097;8842,40901452386
"821";8736;6204,8842495507
"822";2123;6329,87543404407
"823";4612;29449,6421202773
"824";10785;4163,93649698723
"825";5650;4851,86571588742
"826";12801;10306,4224095442
"827";1661;6246,27130904712
"828";5829;7087,23575713186
"829";10779;10757,3123089151
"830";6952;8705,35910791819
"831";5747;8684,09530439503
"832";11909;43359,1731746891
"833";1407;10702,390326213
"834";11769;4660,47672101541
"835";3520;25228,9878244627
"836";4;7882,63534392098
"837";5983;7858,40286527661
"838";9612;39866,425167685
"839";5333;7424,83827179315
"840";6876;6469,82339099355
"841";11105;19841,8299689401
"842";10122;10833,3160371009
"843";8710;20071,588341342
"844";11430;11719,1322662783
"845";8517;7105,52019223867
"846";651;18089,9412618994
"847";2522;4276,79905222356
"848";6771;4075,66131555445
"849";10168;1781,05990965423
"850";3637;39221,5890328694
"851";553;9874,4314410137
"852";9079;9560,70995818982
"853";12694;5505,09487806495
"854";9997;3745,0327611221
"855";5273;2438,08036028504
"856";4636;8943,91106402172
"857";9948;9881,77289724583
"858";4738;8943,91106402172
"859";612;5799,69379510013
"860";10452;8051,32110346934
"861";7953;9635,67398577209
"862";9328;9123,01559314089
"863";9536;9369,9568411898
"864";10130;6855,53071456714
"865";6537;5039,06414228715
"866";10104;7161,23346186056
"867";2348;7504,80752474092
"868";2297;4054,66948361884
"869";10849;12586,0230081389
"870";4693;6720,1598193145
"871";10135;35924,5564338257
"872";367;7331,00803239211
"873";12002;7726,98300307602
"874";10783;10215,7596745067
"875";9631;9266,64073479242
"876";3591;4568,64056973226
"877";5861;4634,3155880459
"878";9976;6125,60156851056
"879";11471;14108,3890133654
"880";11198;8178,07438172058
"881";10272;7675,78492194033
"882";474;9064,01092422252
"883";2504;9307,8726085207
"884";9532;3584,35131218831
"885";54;8258,12694677725
"886";7908;6855,53071456714
"887";1794;35185,4004074337
"888";9548;4770,96473093669
"889";1904;14530,8204296105
"890";1782;3243,54761601972
"891";8784;8503,75673654725
"892";10228;6810,10677386313
"893";6271;3688,14337445613
"894";8168;4243,52622848667
"895";12377;19039,1826800955
"896";9457;4481,98678061156
"897";6514;4837,05966412917
"898";9814;27413,7678488756
"899";5973;6764,98380685102
"900";1875;3741,16108945553
"901";5407;4846,07481688353
"902";906;8439,70671396873
"903";7308;5691,1575326067
"904";12773;10582,4335432467
"905";2901;6810,10677386313
"906";2515;3020,14095314509
"907";7192;1912,80894288438
"908";5116;29874,6124208493
"909";5482;1706,40725475529
"910";4884;24445,0351087571
"911";2333;5345,29570912553
"912";7673;4588,24324953676
"913";4645;6165,35185728329
"914";8183;4517,12933614503
"915";11770;11227,9279378628
"916";6914;32556,3589877915
"917";857;8773,6164636097
"918";4501;7830,40592867049
"919";6021;5691,1575326067
"920";9721;31186,6735416637
"921";12444;5468,61876648109
"922";11761;9734,4963301209
"923";12802;8842,40901452386
"924";2185;15018,7534438167
"925";5671;11003,866721192
"926";2305;13517,0396205203
"927";2034;10773,7761002855
"928";11258;3533,55582068624
"929";10518;115082,890438431
"930";5433;5015,85035821847
"931";1709;4243,52622848667
"932";5790;51154,4008006438
"933";2496;5254,78183335605
"934";5053;10016,3781439392
"935";9137;30305,7152155154
"936";9489;3063,55601488614
"937";12808;16487,1721117903
"938";12419;11887,5968706743
"939";8781;6369,54656710603
"940";8962;8808,93071428306
"941";7018;7682,72735953203
"942";11922;12275,3160458732
"943";1845;27575,1773010728
"944";11073;7040,27656605082
"945";3258;6372,09619444144
"946";11624;7747,0378228474
"947";1697;12058,4831836312
"948";3590;21363,3075117526
"949";169;4517,12933614503
"950";3477;10631,4775458886
"951";9284;35881,2517482864
"952";8573;4660,47672101541
"953";7102;10491,058451246
"954";11472;5906,93276534964
"955";4775;68436,5075545549
"956";9466;5325,11522354857
"957";12223;4693,2422707612
"958";9200;3080,75216567662
"959";10959;6543,81424023421
"960";10497;35185,4004074337
"961";1330;13711,3494619435
"962";2967;33057,9369423382
"963";10832;5322,22912180255
"964";12625;7424,83827179315
"965";4311;6527,58174534544
"966";7902;7858,40286527661
"967";4481;8439,70671396873
"968";11593;5615,98950589099
"969";800;24445,0351087571
"970";282;5185,37739691728
"971";5425;6319,99249696541
"972";11804;4362,28681020465
"973";7214;4693,2422707612
"974";2167;8808,93071428306
"975";5165;6675,13791591783
"976";7793;4391,38360177936
"977";12191;5280,82301660689
"978";4260;4568,64056973226
"979";6890;12231,8260176389
"980";6056;31186,6735416637
"981";1117;9787,3699931926
"982";11007;80820,0609803874
"983";7433;24445,0351087571
"984";5400;4570,085597668
"985";6663;7474,36251929676
"986";9019;10918,2583693925
"987";5305;15122,1344317893
"988";6171;4808,37311726448
"989";4410;2369,46768369517
"990";237;15235,4801578178
"991";1783;34974,1460646775
"992";8319;7087,23575713186
"993";3664;10990,8030394002
"994";5166;13521,7318772971
"995";6110;24267,4824063836
"996";4526;5422,13528278655
"997";10468;17044,4099209385
"998";7781;11212,2017690424
"999";12899;4503,89626231833
"1000";10830;12371,5648741159
"1001";11919;29030,717078262
"1002";5692;7637,25098567033
"1003";9714;3434,11417524815
"1004";12027;25480,8277455637
"1005";851;8767,30252732244
"1006";9034;7213,44310741364
"1007";11822;29449,6421202773
"1008";301;6940,9675640448
"1009";12164;2618,43068351888
"1010";460;6901,25763648093
"1011";7551;5922,75224220604
"1012";9840;9864,11122656712
"1013";3002;5269,54506441454
"1014";12619;15455,3343263536
"1015";4037;12516,1424679199
"1016";3312;9326,47749189521
"1017";10345;4693,2422707612
"1018";307;13693,6758544953
"1019";12846;8041,42314542381
"1020";12340;6993,62852105022
"1021";8221;6993,62852105022
"1022";9649;2656,0710889017
"1023";8266;6587,46198907235
"1024";5780;5158,52749384438
"1025";12699;7278,22569782813
"1026";11744;9460,5472596375
"1027";9180;9064,01092422252
"1028";9972;8480,6705773091
"1029";9053;5039,06414228715
"1030";7748;18459,838103009
"1031";10796;6173,6314498633
"1032";3022;10256,9380489449
"1033";12602;6435,07638127935
"1034";7676;9432,45518050907
"1035";11414;4949,60169587372
"1036";5971;8085,95863994214
"1037";12844;3483,48017546379
"1038";5605;3894,17435994046
"1039";601;10828,7517711876
"1040";12371;8921,83078481023
"1041";9915;26639,386220604
"1042";6011;12442,7579384113
"1043";4152;39221,5890328694
"1044";1023;6435,07638127935
"1045";5024;8709,21141130002
"1046";9109;9560,70995818982
"1047";12350;4509,72453503172
"1048";8669;9751,25579859186
"1049";3703;7230,00102984934
"1050";11923;5709,80341662358
"1051";7008;26260,4374392861
"1052";11334;8705,35910791819
"1053";8040;9194,30768851323
"1054";11530;16776,8668015356
"1055";3274;6125,60156851056
"1056";12917;5345,29570912553
"1057";5849;2335,88886702552
"1058";5572;6631,40087178269
"1059";7713;2618,43068351888
"1060";10590;5396,39000121116
"1061";2812;12646,3963750579
"1062";6819;91557,236385529
"1063";10302;5500,07943894434
"1064";3260;14627,7421295915
"1065";6210;36356,7495899067
"1066";9325;8935,56065532438
"1067";6124;10918,2583693925
"1068";2906;23215,8270389892
"1069";7207;7637,25098567033
"1070";7767;8935,56065532438
"1071";10801;7213,44310741364
"1072";7338;10604,8654870551
"1073";4912;5239,73904439502
"1074";11479;12516,1424679199
"1075";12555;5396,39000121116
"1076";10549;14922,4033580219
"1077";7388;15324,538835105
"1078";11734;9064,01092422252
"1079";3420;2473,12819779117
"1080";8678;7182,09589285214
"1081";2283;4600,56842328204
"1082";11477;14694,2690572712
"1083";6731;8911,7409570425
"1084";4296;30743,0389986564
"1085";5176;8561,02899453372
"1086";887;14725,3103048334
"1087";83;5239,73904439502
"1088";5559;21487,7202800684
"1089";4066;12766,9493206686
"1090";2899;8570,43335965779
"1091";10627;8884,64976059399
"1092";3744;12950,4764810233
"1093";10866;13151,7256023894
"1094";4024;9495,37038860198
"1095";6356;12275,3160458732
"1096";1453;34974,1460646775
"1097";2818;9266,64073479242
"1098";4854;5823,22290352182
"1099";11327;5196,39483548082
"1100";3323;2054,3037503375
"1101";3051;4960,96288402753
"1102";5091;9412,52699077656
"1103";11402;11936,0002335799
"1104";11708;8709,21141130002
"1105";5591;8202,19572921543
"1106";7663;7446,42130296598
"1107";10351;38236,5029248012
"1108";6424;19582,3252709004
"1109";8415;2083,83473102332
"1110";3499;4333,38281055083
"1111";5584;25228,9878244627
"1112";1239;4315,11664207706
"1113";10214;4081,00492670453
"1114";11250;8320,10374725852
"1115";7251;6165,35185728329
"1116";4749;7213,44310741364
"1117";9068;11887,5968706743
"1118";8222;13325,4834332564
"1119";8320;6222,03792598424
"1120";228;9412,52699077656
"1121";9691;14823,5292673762
"1122";8432;4631,25457170867
"1123";12944;7858,40286527661
"1124";2864;7182,09589285214
"1125";4120;59425,2026730895
"1126";10707;11090,1463146538
"1127";4038;10160,3653558897
"1128";2490;6947,28956051269
"1129";11551;6246,27130904712
"1130";6279;7134,50816966184
"1131";6636;66642,1096637682
"1132";9229;7554,79434806779
"1133";1261;4977,12640260576
"1134";665;8320,10374725852
"1135";9876;6833,38840152891
"1136";7085;28210,6600147863
"1137";4218;6543,81424023421
"1138";1626;6764,98380685102
"1139";122;7574,4042093576
"1140";12578;33752,4003569382
"1141";2594;3290,17418815467
"1142";6314;8368,65904558294
"1143";3598;6727,47662559867
"1144";6299;19437,2372065912
"1145";9857;11719,1322662783
"1146";1291;6372,09619444144
"1147";4104;11442,0829880882
"1148";12026;4075,66131555445
"1149";12082;4054,66948361884
"1150";6575;5653,44859174396
"1151";6544;55317,0970227437
"1152";5727;7778,52257938632
"1153";5252;5046,21220972117
"1154";12366;13711,3494619435
"1155";8352;11389,3313929362
"1156";11564;39039,7548769676
"1157";10253;15529,6523495364
"1158";12346;3533,55582068624
"1159";4689;1634,88364613562
"1160";7688;6173,6314498633
"1161";8085;43359,1731746891
"1162";9900;7050,24036308879
"1163";10764;51154,4008006438
"1164";12632;24097,3012613244
"1165";1075;7988,68309203751
"1166";6543;56758,0657036768
"1167";6784;6993,62852105022
"1168";5058;27992,6756284103
"1169";7496;5906,93276534964
"1170";81;7935,21313342464
"1171";4239;11264,9894471321
"1172";7787;7682,72735953203
"1173";537;18093,527460496
"1174";5070;10491,058451246
"1175";5077;6527,58174534544
"1176";11173;4017,90324395707
"1177";1512;5396,39000121116
"1178";5521;5118,39496155827
"1179";3142;14627,7421295915
"1180";12336;10773,7761002855
"1181";4396;9412,52699077656
"1182";10730;8921,83078481023
"1183";10639;7529,01998827266
"1184";3933;7134,50816966184
"1185";3571;11746,2982266506
"1186";4124;26300,115816667
"1187";11288;10990,8030394002
"1188";8439;7675,78492194033
"1189";9044;31059,1092393172
"1190";1359;8842,40901452386
"1191";12094;7087,23575713186
"1192";8881;5360,63415536398
"1193";4484;11362,2731110977
"1194";1085;4134,24966967287
"1195";10862;7675,78492194033
"1196";2296;10215,7596745067
"1197";12020;83811,7420257669
"1198";8762;4819,71782395048
"1199";333;27413,7678488756
"1200";9484;10631,4775458886
"1201";11302;12407,660685623
"1202";12297;16646,4445741463
"1203";513;11286,9880250044
"1204";7626;9096,09216113102
"1205";7206;39787,5724975288
"1206";7089;7675,78492194033
"1207";8012;59425,2026730895
"1208";8957;6125,60156851056
"1209";3883;5805,80020643099
"1210";1181;7087,23575713186
"1211";9364;8594,1813436404
"1212";3150;10160,3653558897
"1213";6498;7504,80752474092
"1214";9015;10604,8654870551
"1215";5326;8684,09530439503
"1216";5071;6500,45569624945
"1217";12003;10604,8654870551
"1218";4007;8242,19738055666
"1219";7329;4884,22803675853
"1220";8117;4634,3155880459
"1221";106;27202,8012298135
"1222";4651;29874,6124208493
"1223";221;15633,2363359412
"1224";2732;7331,00803239211
"1225";6950;10631,4775458886
"1226";51;6077,94535207796
"1227";1739;8637,6327837147
"1228";3858;5983,74230837251
"1229";10116;8705,35910791819
"1230";10588;32377,7622725122
"1231";2731;13020,3568979269
"1232";5312;9266,64073479242
"1233";10761;16942,2919245882
"1234";1602;5653,44859174396
"1235";8062;29874,6124208493
"1236";1603;19039,1826800955
"1237";10542;10019,4035592084
"1238";8422;10500,1038752656
"1239";4275;29030,717078262
"1240";9666;7926,53239447948
"1241";356;13064,5838144241
"1242";609;6343,8819532865
"1243";11686;85021,1795141649
"1244";9173;13686,9190237918
"1245";11383;4134,24966967287
"1246";9795;13151,7256023894
"1247";8744;42134,3671827283
"1248";6592;4210,51226208348
"1249";3277;5396,39000121116
"1250";5079;5883,50878201952
"1251";1639;5078,5746540591
"1252";5256;8561,02899453372
"1253";1556;8842,40901452386
"1254";1452;3894,17435994046
"1255";5422;4193,68024177079
"1256";4599;7087,23575713186
"1257";9347;6621,4168904233
"1258";2371;4724,54656094278
"1259";2024;17856,3252920952
"1260";6767;13136,6418768517
"1261";2739;7882,63534392098
"1262";822;1522,27734500795
"1263";944;20493,241507427
"1264";7118;11064,112548653
"1265";3764;6343,8819532865
"1266";1669;20493,241507427
"1267";6895;11442,0829880882
"1268";8981;4634,3155880459
"1269";7620;6419,48918294012
"1270";7172;4276,79905222356
"1271";2286;7247,10932652753
"1272";2648;5659,34524128455
"1273";12707;4768,51146623663
"1274";3929;8503,75673654725
"1275";4892;6369,54656710603
"1276";6813;18354,6244127744
"1277";706;6810,10677386313
"1278";733;21039,6539533885
"1279";3391;6270,82394969389
"1280";786;48061,3816073983
"1281";2332;5579,14405616818
"1282";8;10160,3653558897
"1283";31;7726,98300307602
"1284";6303;11553,0550512968
"1285";4800;7217,38357049326
"1286";2639;9064,01092422252
"1287";1696;8808,93071428306
"1288";4502;8424,47865089626
"1289";4933;7388,48931681026
"1290";10708;7388,48931681026
"1291";1408;9874,4314410137
"1292";11439;9751,25579859186
"1293";5627;6343,8819532865
"1294";3410;110395,895665037
"1295";1555;10911,9505808715
"1296";4796;23584,5447357791
"1297";10765;8935,56065532438
"1298";3894;4378,19104373005
"1299";8220;7682,72735953203
"1300";1310;32556,3589877915
"1301";5392;4624,21894538118
"1302";11747;8808,93071428306
"1303";3467;5534,18074175725
"1304";9919;7273,97394332293
"1305";2187;5118,39496155827
"1306";5809;13962,6283121596
"1307";8826;10080,831324389
"1308";1795;3745,0327611221
"1309";4923;31636,7099113661
"1310";3897;13596,2311071238
"1311";8967;6716,60093235074
"1312";8795;10306,4224095442
"1313";1940;11936,0002335799
"1314";4658;9300,61818451932
"1315";1946;8114,45024972666
"1316";10177;37326,7326498158
"1317";4052;4851,86571588742
"1318";2360;16842,7093050399
"1319";9041;6287,93442344239
"1320";10812;8178,07438172058
"1321";1216;19872,1172156315
"1322";11345;20447,5541211672
"1323";4229;5653,44859174396
"1324";8992;11805,1880824426
"1325";6822;12971,030670587
"1326";1465;11068,8118054083
"1327";5574;6764,98380685102
"1328";3415;8085,95863994214
"1329";2843;10702,390326213
"1330";10215;9064,01092422252
"1331";4766;9246,31820621142
"1332";9324;6993,62852105022
"1333";9086;8503,75673654725
"1334";8190;8651,50520018423
"1335";3658;26160,6457035616
"1336";428;14627,7421295915
"1337";86;10911,9505808715
"1338";3902;3383,45351914415
"1339";6316;6571,67888948579
"1340";2974;4949,60169587372
"1341";12639;4391,38360177936
"1342";8867;7830,40592867049
"1343";1425;8570,43335965779
"1344";1252;8480,6705773091
"1345";8071;38663,6567576182
"1346";3262;2237,98070316922
"1347";4725;6082,36116989827
"1348";7386;3686,9879014799
"1349";8281;11514,3531048138
"1350";7225;7010,44174327051
"1351";9815;7331,00803239211
"1352";3220;9560,70995818982
"1353";9072;15223,0002420559
"1354";844;4982,61592331648
"1355";698;10256,9380489449
"1356";10492;8684,09530439503
"1357";10024;3490,82463422798
"1358";3733;33502,7413884512
"1359";6061;3741,16108945553
"1360";4055;4447,11762863098
"1361";11506;5991,84597128489
"1362";7330;10306,4224095442
"1363";2326;7926,53239447948
"1364";3033;3774,39697574936
"1365";4509;5396,39000121116
"1366";8208;7574,4042093576
"1367";4573;8738,26206063711
"1368";4319;4081,7144437515
"1369";731;21182,0546259875
"1370";11773;5158,52749384438
"1371";886;6122,93099094456
"1372";3947;6833,38840152891
"1373";8783;19326,214548538
"1374";8788;16603,1195445108
"1375";6365;4210,51226208348
"1376";6614;37326,7326498158
"1377";8651;12806,6075204366
"1378";7891;15324,538835105
"1379";8793;25518,6349838389
"1380";8409;5280,82301660689
"1381";1070;4177,75513914465
"1382";599;7778,52257938632
"1383";12712;5823,22290352182
"1384";8256;24797,7868968853
"1385";5129;8935,56065532438
"1386";3931;5185,37739691728
"1387";9867;21960,1059858083
"1388";4167;35990,8112367911
"1389";7634;11068,8118054083
"1390";10399;31636,7099113661
"1391";8270;2544,74257192592
"1392";12794;37571,48928761
"1393";7080;7882,63534392098
"1394";4568;47251,3848013583
"1395";648;26260,4374392861
"1396";1228;33156,0513686244
"1397";7711;5289,8316360004
"1398";9276;7087,23575713186
"1399";6605;25886,8792543458
"1400";2220;6527,58174534544
"1401";1560;23703,5326857869
"1402";4782;3197,58181049004
"1403";2273;9307,8726085207
"1404";11628;7726,98300307602
"1405";3449;3490,82463422798
"1406";8649;8178,07438172058
"1407";12818;5844,52534438747
"1408";12552;9486,32913894769
"1409";6507;4378,19104373005
"1410";11447;11668,4686352807
"1411";3209;7858,40286527661
"1412";2148;6469,82339099355
"1413";9197;5289,8316360004
"1414";11913;23215,8270389892
"1415";2942;15021,9369465256
"1416";9394;6163,7714158458
"1417";947;6002,02617929329
"1418";10018;10561,0346253114
"1419";6435;4145,25286146846
"1420";8312;8306,82315777161
"1421";2445;16931,4756642312
"1422";459;5082,98573540055
"1423";22;99496,6234945097
"1424";10704;16286,2002265851
"1425";4877;8570,43335965779
"1426";128;3849,49389250146
"1427";4546;8306,82315777161
"1428";9469;9307,8726085207
"1429";5224;26852,6145484021
"1430";3329;4163,93649698723
"1431";9991;6469,82339099355
"1432";552;10990,8030394002
"1433";11800;6716,60093235074
"1434";6643;19312,8743072014
"1435";8767;12407,660685623
"1436";2399;14243,8914882621
"1437";627;14725,3103048334
"1438";12919;14852,4303575881
"1439";7216;1940,30591062281
"1440";10218;4017,90324395707
"1441";1728;7830,40592867049
"1442";11537;26300,115816667
"1443";7487;5909,83115496695
"1444";8534;61152,6368123477
"1445";11239;8439,70671396873
"1446";1232;11362,2731110977
"1447";8459;18089,9412618994
"1448";11749;8242,19738055666
"1449";12517;9124,07720297524
"1450";1179;14823,5292673762
"1451";9214;13962,6283121596
"1452";8897;4365,89624509824
"1453";1828;11565,5347119598
"1454";10089;9123,01559314089
"1455";11409;8981,61652045059
"1456";4488;7682,72735953203
"1457";727;9874,4314410137
"1458";11504;8561,02899453372
"1459";5007;3833,81793088821
"1460";9888;74370,9803205785
"1461";11319;1885,70164732633
"1462";7725;8242,19738055666
"1463";5428;10016,3781439392
"1464";103;6727,47662559867
"1465";1338;36838,5487222113
"1466";5027;4624,21894538118
"1467";12890;7182,09589285214
"1468";4241;9695,48747343243
"1469";10944;7574,4042093576
"1470";5863;4837,05966412917
"1471";9657;5048,67347720077
"1472";9901;11936,0002335799
"1473";2274;20447,5541211672
"1474";7890;15223,0002420559
"1475";4589;14805,109695897
"1476";1297;7882,63534392098
"1477";3529;6030,65989351124
"1478";1323;11177,1024128786
"1479";3199;8651,50520018423
"1480";11224;4344,12940625173
"1481";5757;8637,6327837147
"1482";8181;6571,67888948579
"1483";10446;5729,11799503153
"1484";11241;5422,13528278655
"1485";2796;8935,56065532438
"1486";637;37571,48928761
"1487";5882;14725,6090194687
"1488";11089;30743,0389986564
"1489";1991;6727,47662559867
"1490";8575;32294,4488152277
"1491";10047;1912,80894288438
"1492";3373;33026,1604749562
"1493";12491;7778,52257938632
"1494";9890;16984,7592833478
"1495";5858;27809,359656578
"1496";931;6173,6314498633
"1497";9594;4884,07212961734
"1498";12460;20741,4913374748
"1499";8709;3688,14337445613
"1500";9778;5823,22290352182
"1501";5426;47933,241481296
"1502";6596;5579,14405616818
"1503";12876;8637,6327837147
"1504";6599;3197,58181049004
"1505";4767;16842,7093050399
"1506";12778;11553,0550512968
"1507";2281;3629,84268836839
"1508";7971;5121,24905368001
"1509";2160;4634,3155880459
"1510";6371;3922,10900482535
"1511";11569;42134,3671827283
"1512";3541;9899,1650758417
"1513";6305;10631,4775458886
"1514";7279;13272,4844741901
"1515";8888;33595,4348932861
"1516";12228;10454,5790592442
"1517";3901;4631,25457170867
"1518";8069;5983,74230837251
"1519";5803;4787,35524787965
"1520";10141;6287,93442344239
"1521";1189;63838,3954112027
"1522";9645;5621,30626344963
"1523";6820;7050,24036308879
"1524";3652;6414,59857058734
"1525";11266;5799,69379510013
"1526";7041;5754,57308986803
"1527";3683;7182,09589285214
"1528";12152;10454,5790592442
"1529";4092;5500,07943894434
"1530";4576;10773,7761002855
"1531";331;10418,4147191479
"1532";3412;8313,20929441329
"1533";9874;4568,64056973226
"1534";7564;8439,70671396873
"1535";773;7273,97394332293
"1536";6915;7504,80752474092
"1537";2449;11713,3455765284
"1538";4832;5254,78183335605
"1539";11518;8480,6705773091
"1540";7563;29449,6421202773
"1541";12404;3981,54075392781
"1542";10325;86248,0696768894
"1543";11279;7726,98300307602
"1544";11527;7446,42130296598
"1545";12536;3849,49389250146
"1546";3044;7422,32278213308
"1547";1113;6855,53071456714
"1548";340;5991,84597128489
"1549";8794;5890,99933265538
"1550";9843;9194,30768851323
"1551";12329;6901,25763648093
"1552";2238;4600,56842328204
"1553";11118;37571,48928761
"1554";12286;16646,4445741463
"1555";9125;7040,27656605082
"1556";6244;9496,00058462429
"1557";875;5396,39000121116
"1558";11832;8242,19738055666
"1559";2502;6727,47662559867
"1560";12351;9941,45417591886
"1561";10642;14725,6090194687
"1562";12222;6901,25763648093
"1563";8782;8202,19572921543
"1564";9952;9711,22579453964
"1565";3853;9711,22579453964
"1566";4696;3904,83104980887
"1567";12274;5659,34524128455
"1568";4554;8041,42314542381
"1569";4264;20493,241507427
"1570";7974;4916,80621682145
"1571";12409;10097,9641313893
"1572";2111;9558,70524601565
"1573";3232;21182,0546259875
"1574";12891;6002,02617929329
"1575";10288;7182,09589285214
"1576";2131;6623,20639316361
"1577";10472;15450,7624496175
"1578";3354;68436,5075545549
"1579";530;25518,6349838389
"1580";1753;5325,11522354857
"1581";5232;7875,54251909494
"1582";10611;84251,3769828397
"1583";511;23215,8270389892
"1584";10411;8095,06006188678
"1585";12763;7524,21709737472
"1586";4186;9339,29901170656
"1587";7112;5799,69379510013
"1588";8690;2438,08036028504
"1589";11872;17717,7365521365
"1590";5267;3584,35131218831
"1591";4675;35924,5564338257
"1592";1938;6764,98380685102
"1593";7142;7682,72735953203
"1594";10575;8842,40901452386
"1595";4655;6270,82394969389
"1596";5706;5039,06414228715
"1597";2900;15455,3343263536
"1598";5515;5799,69379510013
"1599";8231;11746,2982266506
"1600";4011;5039,06414228715
"1601";11719;6527,58174534544
"1602";4653;11212,2017690424
"1603";11559;14055,7601266207
"1604";7011;11805,1880824426
"1605";1747;19590,5002999787
"1606";1262;8911,7409570425
"1607";10668;62035,094206593
"1608";9312;9339,29901170656
"1609";4712;6675,13791591783
"1610";10579;5417,01422796524
"1611";5909;6813,15326175918
"1612";6942;16720,709320722
"1613";5306;7273,97394332293
"1614";3032;5621,30626344963
"1615";7294;6125,60156851056
"1616";5700;4191,7102765791
"1617";653;4697,01878818286
"1618";9725;3849,49389250146
"1619";1989;9194,30768851323
"1620";3025;8149,05474074523
"1621";12363;7988,68309203751
"1622";8866;6993,62852105022
"1623";3909;10160,3653558897
"1624";5271;18469,9650486398
"1625";5169;11982,9156508786
"1626";12022;6077,94535207796
"1627";6756;16269,4118079039
"1628";7412;10918,2583693925
"1629";11561;20071,588341342
"1630";9128;20880,7371061372
"1631";7940;33752,4003569382
"1632";5537;7988,68309203751
"1633";5393;9123,01559314089
"1634";4406;15678,3610798634
"1635";3188;7422,32278213308
"1636";357;10306,4224095442
"1637";10755;7675,78492194033
"1638";2116;16707,8470600723
"1639";9112;9618,80733982088
"1640";2986;7504,80752474092
"1641";6376;2616,66354936466
"1642";8460;8202,19572921543
"1643";3709;4999,8610160804
"1644";7346;12179,8160183709
"1645";2072;7742,96642004172
"1646";11965;5363,95988577623
"1647";12934;5151,01969578336
"1648";10995;8203,40956830216
"1649";10041;4304,67032540129
"1650";11001;7882,63534392098
"1651";12235;5239,73904439502
"1652";1634;7624,92607327234
"1653";10791;8684,09530439503
"1654";3300;24818,6757298078
"1655";9870;8114,45024972666
"1656";5460;8439,70671396873
"1657";5205;37326,7326498158
"1658";11448;3774,39697574936
"1659";6960;6623,20639316361
"1660";4791;8943,91106402172
"1661";21;10319,4464159399
"1662";11621;7778,52257938632
"1663";2448;31186,6735416637
"1664";12345;1858,97850172492
"1665";7982;14386,896299758
"1666";10478;37037,0298987962
"1667";2230;30420,0609100526
"1668";11193;17717,7365521365
"1669";1226;9123,01559314089
"1670";9358;12143,3027247562
"1671";12675;13239,4486328434
"1672";2293;14694,2690572712
"1673";11369;4253,96513888101
"1674";4802;8368,65904558294
"1675";740;5530,81195842409
"1676";12843;15002,9583829954
"1677";3327;9246,19973867978
"1678";7560;22755,1328057622
"1679";319;6122,93099094456
"1680";8906;10604,8654870551
"1681";10181;27023,8033867954
"1682";6805;10497,2957608436
"1683";1609;4588,24324953676
"1684";12024;4017,75278092123
"1685";10568;17582,4231375414
"1686";4562;7858,40286527661
"1687";5712;29874,6124208493
"1688";6368;5500,07943894434
"1689";9984;11212,2017690424
"1690";9241;3986,49529641808
"1691";4497;113232,81106015
"1692";10653;1806,66296167788
"1693";12634;17166,8109379927
"1694";2904;12224,2994963541
"1695";3443;10016,3781439392
"1696";1287;19841,8299689401
"1697";6410;4906,59325452158
"1698";6219;14182,2408030212
"1699";7237;35990,8112367911
"1700";566;5039,06414228715
"1701";12106;5116,8896447387
"1702";5614;8424,47865089626
"1703";7519;8306,82315777161
"1704";10696;7675,78492194033
"1705";187;4412,51975316668
"1706";4383;28580,7307491701
"1707";12513;39866,425167685
"1708";10949;22755,1328057622
"1709";10070;4517,12933614503
"1710";6572;12971,030670587
"1711";7090;10917,9792703387
"1712";9740;4081,00492670453
"1713";1219;10773,7761002855
"1714";3702;7474,36251929676
"1715";6851;11177,1024128786
"1716";6249;3483,48017546379
"1717";11771;13064,5838144241
"1718";12316;6204,8842495507
"1719";907;7882,63534392098
"1720";1513;7675,78492194033
"1721";12470;6631,40087178269
"1722";7478;4768,51146623663
"1723";7443;6947,28956051269
"1724";3256;4344,12940625173
"1725";10257;9787,3699931926
"1726";8469;20071,588341342
"1727";5901;6500,45569624945
"1728";9738;12766,9493206686
"1729";11120;24445,0351087571
"1730";12141;7524,21709737472
"1731";4570;16603,1195445108
"1732";2653;4075,66131555445
"1733";9232;8808,93071428306
"1734";667;8371,95565557182
"1735";5529;5691,1575326067
"1736";11831;11389,3313929362
"1737";1503;8368,65904558294
"1738";3745;4081,00492670453
"1739";2137;10454,5790592442
"1740";9135;1682,22497247921
"1741";6721;23215,8270389892
"1742";11183;9558,70524601565
"1743";6098;6810,10677386313
"1744";1105;17166,8109379927
"1745";11558;5505,09487806495
"1746";7657;5500,07943894434
"1747";4175;7622,9569494354
"1748";9256;5049,30646938055
"1749";12656;8437,59884707395
"1750";7290;4081,7144437515
"1751";9421;42742,3832194914
"1752";9032;27809,359656578
"1753";10520;5049,30646938055
"1754";498;3358,10976397272
"1755";11365;16054,5276521907
"1756";11826;9184,93550602529
"1757";7200;7747,0378228474
"1758";3731;4768,51146623663
"1759";6022;4999,8610160804
"1760";390;9123,01559314089
"1761";2747;5534,18074175725
"1762";11713;15369,8314377944
"1763";4891;35990,8112367911
"1764";4690;70219,5801744012
"1765";4839;69874,185011637
"1766";8059;6886,96792845241
"1767";9471;4440,06947627175
"1768";11164;10306,4224095442
"1769";10256;17353,1900400408
"1770";4928;6457,38444088069
"1771";9141;31059,1092393172
"1772";9401;25228,9878244627
"1773";9980;6414,59857058734
"1774";12009;14055,7601266207
"1775";7838;7864,86521956998
"1776";4607;9864,11122656712
"1777";1817;13521,7318772971
"1778";1818;5578,77861953789
"1779";1897;6855,53071456714
"1780";5666;5962,25745931763
"1781";11578;12143,3027247562
"1782";11354;11553,0550512968
"1783";8827;4588,24324953676
"1784";5911;31043,8435338662
"1785";4350;10665,4087452446
"1786";2612;7935,21313342464
"1787";10632;9864,11122656712
"1788";1931;12058,4831836312
"1789";7640;5468,61876648109
"1790";11865;6125,60156851056
"1791";10084;4503,89626231833
"1792";1290;7331,00803239211
"1793";243;6675,13791591783
"1794";7825;6901,25763648093
"1795";3141;3490,82463422798
"1796";12131;35924,5564338257
"1797";5186;7182,09589285214
"1798";6349;17166,8109379927
"1799";2595;15678,3610798634
"1800";4442;3894,17435994046
"1801";2505;47251,3848013583
"1802";6281;5468,61876648109
"1803";4276;9339,29901170656
"1804";1123;12664,8631061163
"1805";11481;9635,67398577209
"1806";256;16996,1441564305
"1807";3213;13327,7567827185
"1808";166;10757,3123089151
"1809";6826;21812,0964215881
"1810";5546;12143,3027247562
"1811";12795;15248,6870639174
"1812";9701;9734,4963301209
"1813";12143;7637,25098567033
"1814";3666;30305,7152155154
"1815";5505;4884,22803675853
"1816";11069;4922,367373322
"1817";6821;24709,8955866901
"1818";9384;12190,8944403686
"1819";5595;5039,06414228715
"1820";3106;4539,80474767346
"1821";4623;8424,47865089626
"1822";11416;29874,6124208493
"1823";7661;30743,0389986564
"1824";2198;11897,7507110441
"1825";2272;29874,6124208493
"1826";3544;6947,28956051269
"1827";3700;5432,38434132511
"1828";2080;7803,67780557887
"1829";8717;6993,62852105022
"1830";6765;3533,55582068624
"1831";12620;17727,8160007802
"1832";1612;12387,9174073489
"1833";12083;1912,80894288438
"1834";6681;16707,8470600723
"1835";9751;14516,9256392242
"1836";1111;4588,24324953676
"1837";7348;5121,24905368001
"1838";2615;28617,7513002035
"1839";10053;5078,5746540591
"1840";8594;15455,3343263536
"1841";2055;11264,7403202342
"1842";5817;5729,11799503153
"1843";1069;5962,25745931763
"1844";812;10582,4335432467
"1845";7359;6329,87543404407
"1846";10571;10631,4775458886
"1847";3972;9751,25579859186
"1848";7532;6077,97981961249
"1849";8265;11936,0002335799
"1850";821;57950,4087159895
"1851";11391;31872,0804549873
"1852";9583;7574,4042093576
"1853";7603;1658,38538845083
"1854";12368;28580,7307491701
"1855";7666;9432,45518050907
"1856";8372;8085,95863994214
"1857";10865;5406,01785412649
"1858";302;4624,21894538118
"1859";5795;9881,77289724583
"1860";8013;7474,36251929676
"1861";3222;15235,4801578178
"1862";9143;8051,32110346934
"1863";1028;5659,34524128455
"1864";11080;19658,6107863068
"1865";780;6993,62852105022
"1866";9944;6947,28956051269
"1867";8307;15426,75469845
"1868";8455;3896,12157157073
"1869";1942;9412,52699077656
"1870";8137;7504,80752474092
"1871";12436;6995,39060231227
"1872";5026;21648,8992206696
"1873";2285;4634,3155880459
"1874";1565;11718,8010146881
"1875";2554;11212,2017690424
"1876";6629;8684,09530439503
"1877";10108;9881,77289724583
"1878";8920;12978,0194177031
"1879";404;4310,33276295391
"1880";5188;20371,2017957551
"1881";8309;51492,9875772948
"1882";7932;8371,95565557182
"1883";6995;5577,5733851472
"1884";11640;3152,26740753808
"1885";12504;11591,1547336349
"1886";7199;5533,34507920247
"1887";8241;16744,0604453438
"1888";4683;22337,7227372312
"1889";953;7111,21808644057
"1890";1986;28580,7307491701
"1891";7769;51492,9875772948
"1892";5110;8705,35910791819
"1893";7156;20923,7525371473
"1894";3223;7217,38357049326
"1895";7664;10160,3653558897
"1896";11475;6457,38444088069
"1897";4676;19717,7244364271
"1898";884;6469,82339099355
"1899";12751;3635,87699788792
"1900";4109;3518,19564279424
"1901";10147;7182,09589285214
"1902";2816;16842,7093050399
"1903";276;3601,60308335353
"1904";12607;93480,6217172437
"1905";8874;12586,0230081389
"1906";8170;9246,19973867978
"1907";134;9596,54430406469
"1908";2954;10757,3123089151
"1909";4017;5754,57308986803
"1910";3100;23416,6028804755
"1911";4086;10757,3123089151
"1912";9926;18888,1758925785
"1913";9609;5709,80341662358
"1914";8182;4906,59325452158
"1915";10700;8437,59884707395
"1916";3726;7622,9569494354
"1917";4135;20493,241507427
"1918";6566;5269,54506441454
"1919";9433;29794,1611474126
"1920";11709;26260,4374392861
"1921";2721;9495,37038860198
"1922";2858;8258,12694677725
"1923";3978;8808,93071428306
"1924";10802;28210,6600147863
"1925";3813;4210,51226208348
"1926";7491;31636,7099113661
"1927";7909;82517,8854881456
"1928";1036;14725,3103048334
"1929";7336;4624,21894538118
"1930";10695;7446,42130296598
"1931";7155;7331,00803239211
"1932";5181;21472,6925214004
"1933";11526;8561,02899453372
"1934";5003;29794,1611474126
"1935";4426;3518,19564279424
"1936";5341;7134,50816966184
"1937";12481;24201,4837913193
"1938";8150;7326,77202808501
"1939";8681;7529,01998827266
"1940";11351;4768,51146623663
"1941";6555;9246,31820621142
"1942";9945;7988,14162086475
"1943";7893;64298,536469528
"1944";4236;4017,90324395707
"1945";1656;24709,8955866901
"1946";9831;27416,7198772602
"1947";7786;29030,717078262
"1948";3607;9864,11122656712
"1949";6258;9432,45518050907
"1950";10110;4977,12640260576
"1951";224;10911,9505808715
"1952";8618;7803,67780557887
"1953";3240;7926,53239447948
"1954";1483;3483,48017546379
"1955";9207;4960,96288402753
"1956";3297;2054,3037503375
"1957";6225;4808,37311726448
"1958";8103;6543,81424023421
"1959";6318;10911,9505808715
"1960";9971;25758,9848736446
"1961";10813;16134,1161292145
"1962";9151;13517,0396205203
"1963";2414;4634,3155880459
"1964";9029;5621,30626344963
"1965";5796;26852,6145484021
"1966";6308;21960,1059858083
"1967";4461;10019,4035592084
"1968";7371;25886,8792543458
"1969";3381;4977,12640260576
"1970";10476;3894,17435994046
"1971";5733;17717,7365521365
"1972";765;15318,1324885644
"1973";705;5269,54506441454
"1974";2814;26639,386220604
"1975";12657;4922,367373322
"1976";5990;6319,99249696541
"1977";1819;11068,8118054083
"1978";2351;12062,8426282464
"1979";559;6457,38444088069
"1980";10194;37037,0298987962
"1981";12736;6414,59857058734
"1982";5399;5015,85035821847
"1983";6774;6319,99249696541
"1984";5115;9194,30768851323
"1985";6344;22738,1560482518
"1986";12586;15633,2363359412
"1987";2215;10148,0712516812
"1988";8331;6833,38840152891
"1989";1288;20104,7736195745
"1990";6019;10757,3123089151
"1991";6700;8085,95863994214
"1992";9981;13805,7891706241
"1993";6539;25155,6290366319
"1994";4473;19254,1303396251
"1995";1723;4697,01878818286
"1996";8004;7830,40592867049
"1997";168;9751,25579859186
"1998";3593;5740,69933265848
"1999";11519;7637,25098567033
"2000";12158;6808,91734516006
"2001";11103;4787,78294016679
"2002";3469;7747,0378228474
"2003";11557;4113,00344639885
"2004";494;4568,64056973226
"2005";2498;34461,4526866016
"2006";8538;7326,77202808501
"2007";11317;8981,61652045059
"2008";2437;4733,84737596888
"2009";5057;27023,8033867954
"2010";1995;7988,14162086475
"2011";8286;37037,0298987962
"2012";2710;6886,96792845241
"2013";1649;2302,78591121555
"2014";10543;5659,34524128455
"2015";1881;7864,86521956998
"2016";11396;5406,01785412649
"2017";957;12586,0230081389
"2018";5662;13517,0396205203
"2019";11544;7182,09589285214
"2020";9962;11068,8118054083
"2021";5734;5345,29570912553
"2022";7788;11064,112548653
"2023";11214;7554,79434806779
"2024";9641;7050,24036308879
"2025";2190;9194,30768851323
"2026";7263;4906,59325452158
"2027";12546;21960,1059858083
"2028";1074;16286,2002265851
"2029";339;15223,0002420559
"2030";1229;8537,23730823209
"2031";5175;9874,4314410137
"2032";9102;6419,48918294012
"2033";472;34476,6342256625
"2034";6809;7504,80752474092
"2035";9097;3833,81793088821
"2036";8509;9881,77289724583
"2037";783;6947,28956051269
"2038";5068;8439,70671396873
"2039";5598;20880,7371061372
"2040";4719;39859,8811154652
"2041";5847;6270,82394969389
"2042";7913;8503,75673654725
"2043";4845;10306,4224095442
"2044";8915;11591,1547336349
"2045";1836;13239,4486328434
"2046";7049;9596,54430406469
"2047";3514;6623,20639316361
"2048";6429;9560,70995818982
"2049";12878;15529,6523495364
"2050";6199;10917,9792703387
"2051";3432;15737,5112355743
"2052";11091;5991,84597128489
"2053";5892;5198,97469902303
"2054";7531;7524,21709737472
"2055";3386;7278,22569782813
"2056";591;23215,8270389892
"2057";9035;6764,98380685102
"2058";2625;3629,84268836839
"2059";9187;42578,9171144739
"2060";7654;14277,2687267911
"2061";7869;7882,63534392098
"2062";2368;7217,38357049326
"2063";9447;11442,0829880882
"2064";4107;12352,4480013893
"2065";2544;14937,2922603085
"2066";11893;6675,63283025071
"2067";6189;6947,28956051269
"2068";415;7529,01998827266
"2069";349;4768,51146623663
"2070";6495;8437,59884707395
"2071";8258;71342,0644258975
"2072";2538;5151,01969578336
"2073";4005;13517,0396205203
"2074";6524;6457,38444088069
"2075";3880;81444,2355372036
"2076";11179;6082,36116989827
"2077";5695;9123,01559314089
"2078";11595;79157,1696030904
"2079";12272;42022,0416122677
"2080";10396;5158,52749384438
"2081";5857;15122,1344317893
"2082";649;52236,052308564
"2083";10371;11746,2982266506
"2084";7127;8051,32110346934
"2085";12062;18095,0371284105
"2086";9546;12224,2994963541
"2087";12298;3686,9879014799
"2088";10938;19658,6107863068
"2089";8393;4634,3155880459
"2090";2745;7388,48931681026
"2091";4605;6855,53071456714
"2092";8101;24709,8955866901
"2093";6860;7682,72735953203
"2094";437;5890,99933265538
"2095";9710;9864,11122656712
"2096";6127;33026,1604749562
"2097";10669;13517,0396205203
"2098";568;7474,36251929676
"2099";8212;42134,3671827283
"2100";1676;7331,00803239211
"2101";10876;8594,1813436404
"2102";5486;11531,7985665827
"2103";4399;3357,13078310025
"2104";4263;11531,7985665827
"2105";361;8884,64976059399
"2106";5873;3601,60308335353
"2107";3515;12586,0230081389
"2108";652;6042,06015971757
"2109";5974;7504,80752474092
"2110";8850;24818,6757298078
"2111";4014;6253,97988348867
"2112";11782;2270,15207262209
"2113";11776;4247,81483121259
"2114";4615;14311,1996071704
"2115";12415;7317,13763119001
"2116";12047;36679,2402537066
"2117";2894;6077,97981961249
"2118";9579;7574,4042093576
"2119";4687;4660,47672101541
"2120";5868;30637,8314243555
"2121";5184;6319,99249696541
"2122";9603;27413,7678488756
"2123";2405;7935,21313342464
"2124";8314;8594,1813436404
"2125";6883;7830,40592867049
"2126";9622;11514,3531048138
"2127";8504;11064,112548653
"2128";5142;50038,4183336765
"2129";8109;8085,95863994214
"2130";5622;10604,8654870551
"2131";11915;16366,9379799145
"2132";10236;11824,6469474353
"2133";613;6810,10677386313
"2134";4428;7742,96642004172
"2135";12579;8503,75673654725
"2136";1049;3490,82463422798
"2137";12651;7278,22569782813
"2138";5931;5534,18074175725
"2139";7844;7637,25098567033
"2140";11474;4440,06947627175
"2141";1657;11887,5968706743
"2142";6513;7388,48931681026
"2143";9366;13325,4834332564
"2144";4834;8320,10374725852
"2145";4478;9711,22579453964
"2146";2451;9734,4963301209
"2147";12406;3584,35131218831
"2148";7235;9194,30768851323
"2149";7053;8371,95565557182
"2150";6433;5121,24905368001
"2151";4511;4482,37655334455
"2152";9753;5468,61876648109
"2153";9070;11514,3531048138
"2154";4625;5579,14405616818
"2155";12268;14149,5131375121
"2156";10882;7111,21808644057
"2157";7776;37326,7326498158
"2158";7897;11362,2731110977
"2159";3228;11389,3313929362
"2160";5489;2977,341146218
"2161";8473;8202,19572921543
"2162";963;6419,48918294012
"2163";5051;7858,40286527661
"2164";11834;7326,77202808501
"2165";5018;6077,94535207796
"2166";5752;3337,47102553201
"2167";7311;13169,2266332049
"2168";12861;9052,03996719427
"2169";940;4027,80372021312
"2170";1544;6414,59857058734
"2171";3995;9495,37038860198
"2172";1253;9052,03996719427
"2173";5919;5396,39000121116
"2174";2898;10014,0369209516
"2175";5818;11389,3313929362
"2176";7394;6204,8842495507
"2177";3116;10604,8654870551
"2178";12679;4177,75513914465
"2179";2672;11824,6469474353
"2180";7915;63200,2097830178
"2181";4850;6329,87543404407
"2182";1112;36356,7495899067
"2183";2112;19073,4534131732
"2184";1914;6042,06015971757
"2185";12115;5823,22290352182
"2186";3866;8561,02899453372
"2187";2694;4697,01878818286
"2188";3211;7988,14162086475
"2189";389;9003,56764494249
"2190";1939;10306,4224095442
"2191";946;6813,15326175918
"2192";9292;10604,8654870551
"2193";10336;6727,47662559867
"2194";8902;10454,5790592442
"2195";8008;4503,89626231833
"2196";12288;7278,22569782813
"2197";12061;4600,56842328204
"2198";6723;17858,3781532367
"2199";6310;28210,6600147863
"2200";5322;4440,06947627175
"2201";6475;7161,23346186056
"2202";6339;22431,4380413986
"2203";6427;8570,43335965779
"2204";3608;10016,3781439392
"2205";11512;6727,47662559867
"2206";10688;16366,9379799145
"2207";7845;5280,82301660689
"2208";7876;4724,54656094278
"2209";12458;7230,00102984934
"2210";11533;10409,4074364048
"2211";4597;15455,3343263536
"2212";143;6469,82339099355
"2213";8582;5254,78183335605
"2214";3570;6173,6314498633
"2215";7083;7331,00803239211
"2216";7440;48061,3816073983
"2217";6126;24173,7305841092
"2218";9025;8203,40956830216
"2219";410;9326,47749189521
"2220";6029;37821,3859839368
"2221";5073;4420,67447121203
"2222";7550;3955,48099022647
"2223";8278;11514,3531048138
"2224";9913;5534,18074175725
"2225";8990;6675,13791591783
"2226";9487;2025,19126676534
"2227";179;31872,0804549873
"2228";12221;23703,5326857869
"2229";4098;20641,1606743651
"2230";8652;8320,10374725852
"2231";10016;7217,38357049326
"2232";4320;9266,64073479242
"2233";3705;9052,03996719427
"2234";4953;7726,98300307602
"2235";8595;8921,83078481023
"2236";9033;5118,39496155827
"2237";5504;8943,91106402172
"2238";7493;7273,97394332293
"2239";8847;7230,00102984934
"2240";7771;6163,7714158458
"2241";3400;5325,11522354857
"2242";2492;3904,83104980887
"2243";2678;11514,3531048138
"2244";750;21363,3075117526
"2245";2424;75933,3259996412
"2246";12441;6720,1598193145
"2247";11299;7830,40592867049
"2248";2381;25693,2578753425
"2249";1241;10160,3653558897
"2250";5654;8884,64976059399
"2251";11910;3228,55722522762
"2252";9432;7504,80752474092
"2253";6560;5845,16828470664
"2254";9238;3658,30371569796
"2255";959;9486,32913894769
"2256";9467;9064,01092422252
"2257";4169;20880,7371061372
"2258";11098;13711,3494619435
"2259";3073;88755,21905633
"2260";12325;7574,4042093576
"2261";5334;7864,86521956998
"2262";10617;5991,84597128489
"2263";6026;8808,93071428306
"2264";7822;22755,1328057622
"2265";6304;3573,58317802261
"2266";8210;27416,7198772602
"2267";7398;8842,40901452386
"2268";11824;7010,44174327051
"2269";403;6246,27130904712
"2270";9480;18857,9721713346
"2271";5259;6623,20639316361
"2272";10200;4517,12933614503
"2273";7356;29181,1394166093
"2274";12229;5048,67347720077
"2275";6500;62930,2858195615
"2276";3508;30305,7152155154
"2277";12035;13325,4834332564
"2278";709;5280,82301660689
"2279";12476;4977,12640260576
"2280";574;34974,1460646775
"2281";7579;53326,224379269
"2282";3692;7988,14162086475
"2283";10638;8684,09530439503
"2284";2689;12468,5683743282
"2285";10307;10097,9641313893
"2286";7364;6253,97988348867
"2287";5571;3894,17435994046
"2288";3171;10582,4335432467
"2289";9081;39221,5890328694
"2290";10090;6077,94535207796
"2291";9423;7134,50816966184
"2292";531;6675,13791591783
"2293";3249;14823,5292673762
"2294";5432;7830,40592867049
"2295";7223;5432,38434132511
"2296";12722;8561,02899453372
"2297";2759;9711,22579453964
"2298";11689;9686,64512384954
"2299";4195;4253,96513888101
"2300";5344;15152,0184852716
"2301";4547;5615,98950589099
"2302";6653;5185,37739691728
"2303";12485;6571,67888948579
"2304";1624;10773,7761002855
"2305";6703;5729,11799503153
"2306";9285;34476,6342256625
"2307";7044;15968,48281617
"2308";6951;8537,23730823209
"2309";1016;11212,2017690424
"2310";12568;9734,4963301209
"2311";7841;8943,91106402172
"2312";12356;34040,6411222136
"2313";3831;8114,45024972666
"2314";3000;5254,78183335605
"2315";1328;11887,5968706743
"2316";5730;37037,0298987962
"2317";63;10911,9505808715
"2318";8932;8085,95863994214
"2319";11249;11746,2982266506
"2320";4773;4552,54743894579
"2321";8727;45916,6319683194
"2322";2687;6287,93442344239
"2323";3530;8808,93071428306
"2324";2477;4851,86571588742
"2325";7017;23083,4986170861
"2326";11375;7971,36879993828
"2327";4878;9734,4963301209
"2328";3184;27809,359656578
"2329";1907;7317,13763119001
"2330";2189;16646,4445741463
"2331";10083;6675,63283025071
"2332";8586;4247,81483121259
"2333";11028;4808,37311726448
"2334";482;12387,9174073489
"2335";6392;8320,10374725852
"2336";12438;8981,61652045059
"2337";11760;19254,1303396251
"2338";2985;6543,81424023421
"2339";8043;5078,5746540591
"2340";10511;5254,78183335605
"2341";11873;47251,3848013583
"2342";5707;8842,40901452386
"2343";9259;8149,05474074523
"2344";12392;11414,2729282538
"2345";2120;11137,911038022
"2346";6863;9326,47749189521
"2347";3401;5151,01969578336
"2348";1225;34476,6342256625
"2349";12393;7111,21808644057
"2350";8904;6833,38840152891
"2351";4160;7375,64216613234
"2352";8647;9486,32913894769
"2353";11488;20371,2017957551
"2354";7800;3688,14337445613
"2355";9055;8594,1813436404
"2356";148;19717,7244364271
"2357";4199;51154,4008006438
"2358";12059;9246,19973867978
"2359";9127;6543,81424023421
"2360";3356;117500,490096732
"2361";6330;5406,01785412649
"2362";9129;14594,5050584599
"2363";12422;7111,21808644057
"2364";1234;7422,32278213308
"2365";9907;13980,4965577087
"2366";1389;7213,44310741364
"2367";10690;5198,97469902303
"2368";3982;5845,16828470664
"2369";758;5754,57308986803
"2370";3846;8051,32110346934
"2371";3140;5078,5746540591
"2372";9763;4624,21894538118
"2373";6197;9339,29901170656
"2374";8215;14149,5131375121
"2375";11282;18469,9650486398
"2376";290;42578,9171144739
"2377";6538;9596,54430406469
"2378";9130;20071,588341342
"2379";10188;8503,75673654725
"2380";1215;16720,709320722
"2381";558;8306,82315777161
"2382";7709;8242,19738055666
"2383";1169;6727,47662559867
"2384";12757;6810,10677386313
"2385";2117;8808,93071428306
"2386";9427;6125,60156851056
"2387";2004;4210,51226208348
"2388";6336;32294,4488152277
"2389";12714;6343,8819532865
"2390";9060;9635,67398577209
"2391";3487;13781,6221508853
"2392";4705;7010,44174327051
"2393";8028;56925,1124367997
"2394";10776;38236,5029248012
"2395";12922;4884,22803675853
"2396";3098;8570,43335965779
"2397";4129;41535,0002542536
"2398";4908;4081,00492670453
"2399";85;7864,86521956998
"2400";5187;4310,33276295391
"2401";154;6940,9675640448
"2402";7747;4075,66131555445
"2403";7652;5194,86791694044
"2404";2078;10561,0346253114
"2405";11995;9194,30768851323
"2406";2627;4177,75513914465
"2407";65;9941,45417591886
"2408";4527;6042,06015971757
"2409";3895;11887,5968706743
"2410";8489;7331,00803239211
"2411";10711;30743,0389986564
"2412";10990;8368,65904558294
"2413";12125;12371,5648741159
"2414";9216;6419,48918294012
"2415";328;24201,4837913193
"2416";12647;5491,12568630572
"2417";5519;8149,05474074523
"2418";984;8808,93071428306
"2419";7805;11449,8813109764
"2420";1268;11874,0984002964
"2421";12080;19658,6107863068
"2422";7774;10454,5790592442
"2423";7570;5983,74230837251
"2424";4486;10160,3653558897
"2425";39;4447,11762863098
"2426";11210;8320,10374725852
"2427";12616;32377,7622725122
"2428";9144;27809,359656578
"2429";11823;7624,92607327234
"2430";11385;12971,030670587
"2431";8106;5906,93276534964
"2432";5153;13724,3802791418
"2433";6167;1968,19815214833
"2434";5155;4916,80621682145
"2435";7054;72840,7802638594
"2436";9702;9063,62213988784
"2437";4699;6372,09619444144
"2438";3083;23083,4986170861
"2439";87;5491,12568630572
"2440";9897;18334,8323049824
"2441";8720;6122,93099094456
"2442";8811;5360,63415536398
"2443";9108;43714,9050335306
"2444";3279;6813,15326175918
"2445";5867;9064,01092422252
"2446";4482;3849,49389250146
"2447";1667;6369,54656710603
"2448";7510;6414,59857058734
"2449";1399;7747,0378228474
"2450";1138;5116,8896447387
"2451";10124;5845,16828470664
"2452";7605;3584,35131218831
"2453";6351;5665,38204439314
"2454";10601;6173,6314498633
"2455";7561;4977,12640260576
"2456";7702;92653,2536334043
"2457";7477;33986,199558153
"2458";10714;7230,00102984934
"2459";2839;38113,6611425442
"2460";9924;6566,21020765794
"2461";11153;26852,6145484021
"2462";4792;8320,10374725852
"2463";1759;6520,55226167951
"2464";5122;25886,8792543458
"2465";11996;12407,660685623
"2466";1390;8981,61652045059
"2467";12577;16366,9379799145
"2468";12323;4837,05966412917
"2469";960;15426,75469845
"2470";12388;15122,1344317893
"2471";744;13066,7721219765
"2472";4000;2335,88886702552
"2473";5613;31636,7099113661
"2474";2365;4884,22803675853
"2475";4040;6621,4168904233
"2476";4419;5579,14405616818
"2477";11547;3686,9879014799
"2478";3069;7637,25098567033
"2479";12726;41472,4492996298
"2480";9925;8439,70671396873
"2481";7262;5185,37739691728
"2482";9330;22755,1328057622
"2483";11925;28210,6600147863
"2484";11888;6414,59857058734
"2485";1801;11746,2982266506
"2486";1120;47934,8954427852
"2487";2412;25228,9878244627
"2488";10983;13376,5519437148
"2489";2400;4851,86571588742
"2490";7105;3803,99143057895
"2491";7922;4049,25535045894
"2492";9526;12143,3027247562
"2493";5652;11887,5968706743
"2494";8611;6833,38840152891
"2495";6824;29874,6124208493
"2496";6283;8320,10374725852
"2497";3552;7424,83827179315
"2498";6988;39866,425167685
"2499";12171;5363,95988577623
"2500";12727;25228,9878244627
"2501";6052;11276,8739084595
"2502";7539;35411,9727848644
"2503";11289;6319,99249696541
"2504";7507;16984,7592833478
"2505";3392;12646,3963750579
"2506";9424;4568,64056973226
"2507";7148;11887,5968706743
"2508";5144;9874,4314410137
"2509";6004;4075,66131555445
"2510";4422;18469,9650486398
"2511";2071;1566,35793064828
"2512";10046;6204,8842495507
"2513";10999;7278,22569782813
"2514";245;6002,02617929329
"2515";8870;6270,82394969389
"2516";4793;6675,13791591783
"2517";12738;4517,12933614503
"2518";3424;7422,32278213308
"2519";5019;4660,47672101541
"2520";1039;5432,38434132511
"2521";2603;18093,527460496
"2522";11217;6716,60093235074
"2523";6844;6500,45569624945
"2524";8296;14594,5050584599
"2525";2276;24709,8955866901
"2526";2675;8480,6705773091
"2527";943;6500,45569624945
"2528";7739;21487,7202800684
"2529";3225;8589,4591637194
"2530";8653;4075,66131555445
"2531";9329;4503,89626231833
"2532";9132;9194,54772784099
"2533";12238;8114,45024972666
"2534";10055;16603,1195445108
"2535";11032;8808,93071428306
"2536";8075;45155,3799059041
"2537";8064;18888,1758925785
"2538";546;25886,8792543458
"2539";5946;21487,7202800684
"2540";1547;31186,6735416637
"2541";8057;16842,7093050399
"2542";11863;8320,10374725852
"2543";9254;25518,6349838389
"2544";4436;29449,6421202773
"2545";9257;5363,95988577623
"2546";8640;8570,43335965779
"2547";10139;6319,99249696541
"2548";2725;7999,75590794918
"2549";9483;15590,775490133
"2550";9084;21812,0964215881
"2551";2876;17727,8160007802
"2552";2018;6520,55226167951
"2553";1692;6343,8819532865
"2554";7024;8437,59884707395
"2555";2673;4819,71782395048
"2556";11174;6082,36116989827
"2557";10299;10418,4147191479
"2558";3393;9711,22579453964
"2559";11366;4733,84737596888
"2560";3315;19841,8299689401
"2561";7021;23584,5447357791
"2562";4841;4846,07481688353
"2563";11368;15450,7624496175
"2564";1283;11439,6037805176
"2565";2441;8808,93071428306
"2566";12462;7317,13763119001
"2567";12311;8825,7811155971
"2568";504;8149,05474074523
"2569";10453;12766,9493206686
"2570";782;5740,69933265848
"2571";7604;17158,0974579027
"2572";467;5740,69933265848
"2573";9953;1706,40725475529
"2574";11505;7087,23575713186
"2575";10304;5844,52534438747
"2576";7296;8258,12694677725
"2577";11424;10160,3653558897
"2578";3007;14434,5409214211
"2579";3640;15324,538835105
"2580";7903;9596,54430406469
"2581";3694;84251,3769828397
"2582";3308;7217,38357049326
"2583";10851;6343,8819532865
"2584";9224;21363,3075117526
"2585";11087;40361,7233335304
"2586";7993;9560,70995818982
"2587";7806;6716,60093235074
"2588";4674;91557,236385529
"2589";1487;7040,27656605082
"2590";12829;8842,40901452386
"2591";978;10491,058451246
"2592";12185;6343,8819532865
"2593";5719;8684,09530439503
"2594";4961;5621,30626344963
"2595";9684;3434,11417524815
"2596";12296;4982,61592331648
"2597";10393;6810,10677386313
"2598";12496;10421,5459310849
"2599";4563;10016,3781439392
"2600";7023;8808,93071428306
"2601";2212;14725,3103048334
"2602";11661;7988,68309203751
"2603";5636;12721,7524443165
"2604";1282;8320,10374725852
"2605";12710;38830,44493779
"2606";9922;7999,75590794918
"2607";12852;5448,40559241153
"2608";7623;11982,9156508786
"2609";4347;5491,12568630572
"2610";10050;6435,07638127935
"2611";9865;3794,94094350929
"2612";5773;8202,19572921543
"2613";6229;3658,30371569796
"2614";3216;10019,4035592084
"2615";2135;15904,6062000375
"2616";8648;20071,588341342
"2617";8471;4017,75278092123
"2618";11666;11824,6469474353
"2619";8395;12892,0285864998
"2620";2578;30420,0609100526
"2621";3886;11286,9880250044
"2622";1666;6469,82339099355
"2623";432;13596,2311071238
"2624";7566;5844,52534438747
"2625";7804;10845,6380230113
"2626";8907;11177,1024128786
"2627";12515;9816,29743154905
"2628";12894;17166,8109379927
"2629";9474;6163,7714158458
"2630";11420;14182,2408030212
"2631";11181;74735,4755333277
"2632";4787;7971,36879993828
"2633";7949;9711,22579453964
"2634";6036;10983,5606124252
"2635";11470;8306,82315777161
"2636";11590;8911,7409570425
"2637";352;5422,13528278655
"2638";9787;1611,71495782325
"2639";4516;43714,9050335306
"2640";5926;10845,6380230113
"2641";966;3884,16173809983
"2642";8397;5116,8896447387
"2643";11509;10215,7596745067
"2644";9309;8085,95863994214
"2645";9266;5121,24905368001
"2646";11014;8594,1813436404
"2647";10091;4450,16071301704
"2648";2888;38236,5029248012
"2649";5132;3629,84268836839
"2650";11789;4700,93469639348
"2651";2690;8808,93071428306
"2652";11857;4756,05965316936
"2653";6490;7830,40592867049
"2654";10683;4846,07481688353
"2655";8368;9412,52699077656
"2656";2927;9787,3699931926
"2657";2176;7830,40592867049
"2658";9985;2270,15207262209
"2659";7877;5991,84597128489
"2660";2322;8684,09530439503
"2661";6516;7524,21709737472
"2662";2028;1544,16035177679
"2663";1161;48061,3816073983
"2664";1588;8911,7409570425
"2665";6432;5845,16828470664
"2666";544;8981,61652045059
"2667";5980;8594,1813436404
"2668";948;30305,7152155154
"2669";2146;7742,96642004172
"2670";1820;6780,22571489496
"2671";9030;9123,01559314089
"2672";11109;44881,2006409856
"2673";7865;26260,4374392861
"2674";4837;45475,9656782766
"2675";9077;29449,6421202773
"2676";8948;10215,7596745067
"2677";233;35924,5564338257
"2678";2044;9711,22579453964
"2679";8686;10757,3123089151
"2680";9106;7317,13763119001
"2681";8044;4700,93469639348
"2682";2908;27992,6756284103
"2683";12557;5653,44859174396
"2684";5917;8503,75673654725
"2685";11738;60410,7652458378
"2686";2533;6855,53071456714
"2687";6772;30305,7152155154
"2688";11455;2772,27005478998
"2689";11563;7747,0378228474
"2690";982;9123,01559314089
"2691";11801;30420,0609100526
"2692";7231;6122,93099094456
"2693";5563;14823,5292673762
"2694";1652;6886,96792845241
"2695";725;7988,14162086475
"2696";10151;9123,01559314089
"2697";11796;26639,386220604
"2698";7415;29030,717078262
"2699";4225;14055,7601266207
"2700";3852;6469,82339099355
"2701";7009;3686,9879014799
"2702";12403;8095,06006188678
"2703";2101;10911,9505808715
"2704";5740;11362,2731110977
"2705";8079;8767,30252732244
"2706";6660;9326,47749189521
"2707";5561;5151,01969578336
"2708";10824;4108,93979586716
"2709";525;4631,25457170867
"2710";9326;4503,89626231833
"2711";6551;16303,9401413456
"2712";5635;8368,65904558294
"2713";3941;6886,96792845241
"2714";7677;3584,35131218831
"2715";12730;5922,75224220604
"2716";870;6675,13791591783
"2717";11625;34491,7472178017
"2718";11532;4509,72453503172
"2719";3350;5577,5733851472
"2720";1037;13243,519128233
"2721";3119;18089,9412618994
"2722";11710;3894,17435994046
"2723";10580;5906,93276534964
"2724";9362;9326,47749189521
"2725";2730;37449,7780666367
"2726";3439;8842,40901452386
"2727";6107;6675,13791591783
"2728";1040;5345,29570912553
"2729";5763;14095,8137872662
"2730";921;4134,24966967287
"2731";5669;5448,40559241153
"2732";9302;6369,54656710603
"2733";2585;4134,24966967287
"2734";2520;3922,10900482535
"2735";7681;3305,09807803863
"2736";10705;11227,9279378628
"2737";2030;7247,10932652753
"2738";7707;37449,7780666367
"2739";2006;33752,4003569382
"2740";5219;33026,1604749562
"2741";7784;7637,25098567033
"2742";2197;7529,01998827266
"2743";5000;11936,0002335799
"2744";12596;7134,50816966184
"2745";10023;8842,40901452386
"2746";5178;4846,07481688353
"2747";4091;71342,0644258975
"2748";1569;11137,911038022
"2749";4318;7935,21313342464
"2750";10621;7504,80752474092
"2751";7831;9052,03996719427
"2752";11090;22112,3478777363
"2753";3611;6082,36116989827
"2754";3504;7217,38357049326
"2755";810;31636,7099113661
"2756";11285;5121,24905368001
"2757";10965;5665,38204439314
"2758";6352;6886,96792845241
"2759";4363;6947,28956051269
"2760";7764;4960,96288402753
"2761";4289;25155,6290366319
"2762";8503;7803,67780557887
"2763";6579;4977,12640260576
"2764";7790;8439,70671396873
"2765";4100;6030,65989351124
"2766";12776;6527,58174534544
"2767";12848;8935,56065532438
"2768";1163;4145,25286146846
"2769";7818;5577,5733851472
"2770";2366;60282,732490885
"2771";10888;4177,75513914465
"2772";9002;3629,84268836839
"2773";6134;6720,1598193145
"2774";2091;3545,78126314666
"2775";6590;7424,83827179315
"2776";9001;3686,9879014799
"2777";11095;5363,95988577623
"2778";12787;34491,7472178017
"2779";2586;9123,01559314089
"2780";9812;2174,99924911124
"2781";486;4310,33276295391
"2782";9414;9460,5472596375
"2783";2850;8594,1813436404
"2784";2924;8439,70671396873
"2785";12040;4631,25457170867
"2786";12312;8637,6327837147
"2787";246;4191,7102765791
"2788";2337;97449,4575400157
"2789";10461;2335,88886702552
"2790";1010;3833,81793088821
"2791";12177;7858,40286527661
"2792";8148;20880,7371061372
"2793";12913;6253,97988348867
"2794";9770;19326,214548538
"2795";10430;3436,71978685981
"2796";10211;1755,81969026003
"2797";10606;56758,0657036768
"2798";11433;8503,75673654725
"2799";8985;13416,6539548068
"2800";3717;7474,36251929676
"2801";10082;10454,5790592442
"2802";12486;14594,5050584599
"2803";4729;2694,2525817864
"2804";8316;23703,5326857869
"2805";7403;6435,07638127935
"2806";12273;10631,4775458886
"2807";4596;10845,6380230113
"2808";575;12586,0230081389
"2809";2717;12470,5457778639
"2810";11900;7010,44174327051
"2811";7710;8114,45024972666
"2812";4786;8935,56065532438
"2813";2150;5621,30626344963
"2814";12276;10454,5790592442
"2815";201;14434,5409214211
"2816";12435;5937,1897346644
"2817";6641;6165,35185728329
"2818";7687;4624,21894538118
"2819";7195;23703,5326857869
"2820";3479;4662,1453991268
"2821";5626;4808,37311726448
"2822";3101;10917,9792703387
"2823";1315;3863,87829610935
"2824";4937;6125,60156851056
"2825";752;5991,84597128489
"2826";9899;3518,19564279424
"2827";9676;3922,10900482535
"2828";6806;9412,52699077656
"2829";8908;5432,38434132511
"2830";2139;18089,9412618994
"2831";1259;6520,55226167951
"2832";12134;19658,6107863068
"2833";5833;3794,94094350929
"2834";6306;9063,62213988784
"2835";4323;3337,47102553201
"2836";11341;5239,73904439502
"2837";3144;2113,79022479301
"2838";8283;5448,40559241153
"2839";9000;15678,3610798634
"2840";6395;6571,67888948579
"2841";10361;7424,83827179315
"2842";5136;10016,3781439392
"2843";12769;7040,27656605082
"2844";5978;11772,142185456
"2845";9009;9787,3699931926
"2846";10448;43143,1723229736
"2847";7224;8258,12694677725
"2848";11521;15021,9369465256
"2849";8141;7637,25098567033
"2850";855;5906,93276534964
"2851";12084;12058,4831836312
"2852";7720;4177,75513914465
"2853";4765;5729,11799503153
"2854";11573;9816,29743154905
"2855";11777;12231,8260176389
"2856";7799;7926,53239447948
"2857";4777;7326,77202808501
"2858";1278;4770,96473093669
"2859";12204;33156,0513686244
"2860";8328;7388,48931681026
"2861";7307;16996,1441564305
"2862";3578;8637,6327837147
"2863";10666;7317,13763119001
"2864";4499;8203,40956830216
"2865";8093;9339,29901170656
"2866";12935;9496,00058462429
"2867";10766;6995,39060231227
"2868";11712;4017,75278092123
"2869";7873;8437,59884707395
"2870";10079;15021,9369465256
"2871";10544;23545,545165863
"2872";10628;5845,16828470664
"2873";7601;6727,47662559867
"2874";1823;10536,2318132651
"2875";8987;24709,8955866901
"2876";7754;6833,38840152891
"2877";5090;5937,1897346644
"2878";5570;33752,4003569382
"2879";6482;43359,1731746891
"2880";1886;9899,1650758417
"2881";3168;7375,64216613234
"2882";10735;8114,45024972666
"2883";2062;14937,2922603085
"2884";677;13169,2266332049
"2885";12601;2113,79022479301
"2886";7373;10016,3781439392
"2887";11716;28617,7513002035
"2888";6262;21797,7968137232
"2889";10213;5883,50878201952
"2890";6458;4075,66131555445
"2891";1052;5844,52534438747
"2892";873;9326,47749189521
"2893";4973;9874,4314410137
"2894";2284;10911,9505808715
"2895";5606;6457,38444088069
"2896";7695;10019,4035592084
"2897";11428;26300,115816667
"2898";11460;51196,3621359192
"2899";10403;3357,13078310025
"2900";123;6077,94535207796
"2901";1285;10177,1406846976
"2902";9042;7134,50816966184
"2903";11877;9751,25579859186
"2904";6313;6369,54656710603
"2905";3264;4949,60169587372
"2906";2107;5922,75224220604
"2907";1342;6077,97981961249
"2908";12603;15369,8314377944
"2909";2749;80820,0609803874
"2910";6119;1437,80282231431
"2911";3369;4420,67447121203
"2912";8161;4662,1453991268
"2913";5815;7105,52019223867
"2914";71;10306,4224095442
"2915";1651;7388,48931681026
"2916";8791;10582,4335432467
"2917";298;11389,3313929362
"2918";9864;3833,81793088821
"2919";7047;7882,63534392098
"2920";7328;7422,32278213308
"2921";2041;9266,64073479242
"2922";12318;9109,25582231668
"2923";11218;18469,9650486398
"2924";6478;32556,3589877915
"2925";1174;3533,55582068624
"2926";10066;5740,69933265848
"2927";536;9194,54772784099
"2928";7849;6901,25763648093
"2929";1392;6940,9675640448
"2930";1539;9194,54772784099
"2931";7552;5659,34524128455
"2932";2910;28210,6600147863
"2933";6215;8085,95863994214
"2934";1510;12062,8426282464
"2935";12187;5396,39000121116
"2936";1807;36510,1732652553
"2937";8177;6675,63283025071
"2938";5447;19326,214548538
"2939";363;4075,66131555445
"2940";6978;47251,3848013583
"2941";398;11553,0550512968
"2942";9010;9941,45417591886
"2943";8188;8773,6164636097
"2944";11172;10911,9505808715
"2945";4101;5767,33165668678
"2946";10770;27809,359656578
"2947";1993;13020,3568979269
"2948";1334;7182,09589285214
"2949";6656;9412,52699077656
"2950";1060;11719,1322662783
"2951";3586;29874,6124208493
"2952";7619;7504,80752474092
"2953";135;6675,13791591783
"2954";2820;3774,39697574936
"2955";8898;19437,2372065912
"2956";2608;64298,536469528
"2957";5386;18354,6244127744
"2958";9561;13136,6418768517
"2959";3557;47933,241481296
"2960";8937;25518,6349838389
"2961";1921;9947,68508938028
"2962";6449;7230,00102984934
"2963";11431;8570,43335965779
"2964";10174;11227,9279378628
"2965";5877;10337,3610918124
"2966";1237;17858,3781532367
"2967";8670;8981,61652045059
"2968";12911;8480,6705773091
"2969";7385;6165,35185728329
"2970";8194;21797,7968137232
"2971";8520;6901,25763648093
"2972";8153;6414,59857058734
"2973";7486;4922,367373322
"2974";2564;31711,5823532444
"2975";7058;13805,7891706241
"2976";715;3518,19564279424
"2977";4358;6833,38840152891
"2978";9346;7375,64216613234
"2979";7098;6077,94535207796
"2980";7363;5740,69933265848
"2981";11240;35478,8372016582
"2982";5098;7988,14162086475
"2983";7644;8594,1813436404
"2984";4456;5239,73904439502
"2985";5029;13064,5838144241
"2986";6060;11068,8118054083
"2987";2768;6623,20639316361
"2988";10340;4733,84737596888
"2989";4978;3409,98264763373
"2990";1374;9052,03996719427
"2991";3783;46103,9799159929
"2992";8303;4662,1453991268
"2993";5321;28210,6600147863
"2994";8436;8808,93071428306
"2995";10821;31059,1092393172
"2996";11684;10006,3022467081
"2997";4797;9596,54430406469
"2998";6533;42742,3832194914
"2999";1682;36838,5487222113
"3000";9950;5991,84597128489
"3001";8945;4600,56842328204
"3002";7840;6531,60974637052
"3003";7013;9947,68508938028
"3004";10709;8921,83078481023
"3005";8968;24709,8955866901
"3006";1476;7474,36251929676
"3007";6738;7230,00102984934
"3008";1355;7050,24036308879
"3009";7401;25693,2578753425
"3010";8206;13544,8836719391
"3011";5249;43143,1723229736
"3012";12562;6319,99249696541
"3013";9177;11824,6469474353
"3014";11935;8114,45024972666
"3015";7819;9412,52699077656
"3016";9995;95444,4124967449
"3017";11986;26639,386220604
"3018";10107;4916,80621682145
"3019";4587;4662,94967679003
"3020";914;12766,9493206686
"3021";11597;10337,3610918124
"3022";3324;11887,5968706743
"3023";55;6764,98380685102
"3024";9198;3290,17418815467
"3025";11514;6741,39398346494
"3026";3055;3056,78439853725
"3027";10481;9246,31820621142
"3028";11052;4916,80621682145
"3029";10160;11531,7985665827
"3030";5327;26858,6009238429
"3031";5254;34491,7472178017
"3032";142;11389,3313929362
"3033";2057;19039,1826800955
"3034";6135;16842,7093050399
"3035";2633;8202,19572921543
"3036";11737;4108,93979586716
"3037";5776;6082,36116989827
"3038";7829;43714,9050335306
"3039";4974;4253,96513888101
"3040";3984;23703,5326857869
"3041";4351;3518,19564279424
"3042";6582;6855,53071456714
"3043";9223;5185,37739691728
"3044";1014;6901,25763648093
"3045";10596;5121,24905368001
"3046";10869;5653,44859174396
"3047";8130;7230,00102984934
"3048";8139;4420,67447121203
"3049";4391;48624,9376301491
"3050";1446;3518,19564279424
"3051";405;7446,42130296598
"3052";219;5754,57308986803
"3053";12734;4253,96513888101
"3054";10420;6720,1598193145
"3055";1417;6222,03792598424
"3056";5509;5396,39000121116
"3057";6545;7087,23575713186
"3058";12520;12407,660685623
"3059";10223;28210,6600147863
"3060";12367;9686,64512384954
"3061";8577;7637,25098567033
"3062";11903;40930,044922145
"3063";6379;16134,1161292145
"3064";6970;4440,06947627175
"3065";1221;7010,44174327051
"3066";3399;5500,07943894434
"3067";2110;3545,78126314666
"3068";1277;8561,02899453372
"3069";4986;25758,9848736446
"3070";1130;8503,75673654725
"3071";12043;33057,9369423382
"3072";617;20493,241507427
"3073";1814;17717,7365521365
"3074";8859;27992,6756284103
"3075";335;16272,8475916364
"3076";9772;4884,22803675853
"3077";12630;21363,3075117526
"3078";8033;4481,98678061156
"3079";12387;5659,34524128455
"3080";3663;6369,54656710603
"3081";7587;4588,24324953676
"3082";4670;5767,33165668678
"3083";7101;11214,2973647119
"3084";10529;14937,2922603085
